timestamp,banco,valor
2026-09-27,banco_bisa,11.85
2026-09-27,banco_de_la_nacion_argentina,11.75
2026-09-27,banco_economico,11.45
2026-09-27,banco_fie,11.72
2026-09-27,banco_fortaleza,12.05
2026-09-27,banco_ganadero,12.05
2026-09-27,banco_mercantil_santa_cruz,11.05
2026-09-27,banco_pyme_de_la_comunidad,11.65
2026-09-27,banco_solidario,10.85
2026-09-27,banco_union,11.05
2026-09-28,banco_bisa,11.75
2026-09-28,banco_de_credito,11.45
2026-09-28,banco_de_la_nacion_argentina,11.75
2026-09-28,banco_economico,11.45
2026-09-28,banco_fie,11.72
2026-09-28,banco_fortaleza,12.05
2026-09-28,banco_ganadero,12.05
2026-09-28,banco_mercantil_santa_cruz,11.05
2026-09-28,banco_pyme_de_la_comunidad,11.65
2026-09-28,banco_solidario,10.85
2026-09-28,banco_union,11.05
2026-09-29,banco_bisa,11.32
2026-09-29,banco_de_credito,11.52
2026-09-29,banco_de_la_nacion_argentina,11.52
2026-09-29,banco_economico,11.42
2026-09-29,banco_fie,11.52
2026-09-29,banco_fortaleza,12.02
2026-09-29,banco_ganadero,12.02
2026-09-29,banco_mercantil_santa_cruz,10.77
2026-09-29,banco_pyme_de_la_comunidad,11.62
2026-09-29,banco_solidario,10.82
2026-09-29,banco_union,11.05
2026-09-30,banco_bisa,11.32
2026-09-30,banco_de_credito,11.52
2026-09-30,banco_de_la_nacion_argentina,11.52
2026-09-30,banco_economico,11.42
2026-09-30,banco_fie,11.52
2026-09-30,banco_fortaleza,11.72
2026-09-30,banco_ganadero,12.02
2026-09-30,banco_mercantil_santa_cruz,10.77
2026-09-30,banco_pyme_de_la_comunidad,11.62
2026-09-30,banco_solidario,10.82
2026-09-30,banco_union,11.02
2026-10-01,banco_bisa,11.3
2026-10-01,banco_de_credito,11.5
2026-10-01,banco_de_la_nacion_argentina,11.5
2026-10-01,banco_economico,11.4
2026-10-01,banco_fie,11.5
2026-10-01,banco_fortaleza,11.7
2026-10-01,banco_ganadero,12.0
2026-10-01,banco_mercantil_santa_cruz,10.75
2026-10-01,banco_nacional_de_bolivia,11.0
2026-10-01,banco_prodem,11.7
2026-10-01,banco_pyme_de_la_comunidad,11.6
2026-10-01,banco_solidario,10.8
2026-10-01,banco_union,11.0
2026-10-02,banco_bisa,11.2
2026-10-02,banco_de_credito,11.4
2026-10-02,banco_de_la_nacion_argentina,11.5
2026-10-02,banco_economico,11.3
2026-10-02,banco_fie,11.4
2026-10-02,banco_fortaleza,11.6
2026-10-02,banco_ganadero,11.9
2026-10-02,banco_mercantil_santa_cruz,10.65
2026-10-02,banco_nacional_de_bolivia,10.9
2026-10-02,banco_pyme_de_la_comunidad,11.5
2026-10-02,banco_solidario,10.71
2026-10-02,banco_union,11.0
