timestamp,low,high,median,vwap,naive
2024-08-05T20:41-04:00,12.98,13.85,13.2,,
2024-08-05T21:10-04:00,12.99,13.85,13.2,,
2024-08-05T22:20-04:00,12.96,13.85,13.3,,
2024-08-05T22:47-04:00,12.96,13.85,13.31,,
2024-08-05T23:12-04:00,12.95,13.85,13.3,,
2024-08-05T23:35-04:00,12.96,13.85,13.3,,
2024-08-06T00:13-04:00,12.96,13.85,13.3,,
2024-08-06T00:37-04:00,12.96,13.85,13.3,,
2024-08-06T01:11-04:00,13.06,13.85,13.37,,
2024-08-06T01:34-04:00,13.06,13.85,13.34,,
2024-08-06T02:16-04:00,7.0,13.85,13.39,,
2024-08-06T02:40-04:00,7.0,13.85,13.45,,
2024-08-06T03:11-04:00,7.0,13.85,13.45,,
2024-08-06T03:33-04:00,7.0,13.85,13.45,,
2024-08-06T04:13-04:00,7.0,13.85,13.45,,
2024-08-06T04:37-04:00,7.0,13.85,13.45,,
2024-08-06T05:11-04:00,6.17,13.85,13.45,,
2024-08-06T05:33-04:00,6.17,13.85,13.45,,
2024-08-06T06:12-04:00,6.17,13.85,13.45,,
2024-08-06T06:37-04:00,6.17,13.85,13.34,,
2024-08-06T07:09-04:00,6.17,13.85,13.33,,
2024-08-06T07:34-04:00,6.17,13.85,13.34,,
2024-08-06T08:20-04:00,6.17,13.85,13.3,,
2024-08-06T08:51-04:00,6.17,13.85,13.3,,
2024-08-06T09:14-04:00,6.17,13.85,13.25,,
2024-08-06T09:33-04:00,6.17,13.85,13.23,,
2024-08-06T10:10-04:00,6.17,13.85,13.2,,
2024-08-06T10:35-04:00,12.99,13.85,13.2,,
2024-08-06T11:12-04:00,12.97,13.85,13.2,,
2024-08-06T11:34-04:00,12.99,13.85,13.21,,
2024-08-06T12:13-04:00,12.97,13.85,13.2,,
2024-08-06T12:38-04:00,12.97,13.85,13.2,,
2024-08-06T13:11-04:00,12.99,13.85,13.24,,
2024-08-06T13:35-04:00,12.98,13.85,13.2,,
2024-08-06T14:15-04:00,12.92,13.85,13.15,,
2024-08-06T14:39-04:00,12.91,13.85,13.16,,
2024-08-06T15:08-04:00,12.87,13.85,13.1,,
2024-08-06T15:33-04:00,12.85,13.85,13.1,,
2024-08-06T16:09-04:00,12.82,13.85,13.1,,
2024-08-06T16:34-04:00,12.81,13.85,13.1,,
2024-08-06T17:10-04:00,12.75,13.85,13.04,,
2024-08-06T17:34-04:00,12.64,13.85,13.01,,
2024-08-06T18:10-04:00,12.34,13.85,13.04,,
2024-08-06T18:35-04:00,12.0,13.85,13.02,,
2024-08-06T19:10-04:00,11.94,13.85,13.14,,
2024-08-06T19:34-04:00,12.9,13.85,13.2,,
2024-08-06T20:51-04:00,12.61,13.85,13.14,,
2024-08-06T22:03-04:00,12.72,13.85,13.1,,
2024-08-06T22:47-04:00,12.59,13.85,13.08,,
2024-08-06T23:12-04:00,12.65,13.85,13.1,,
2024-08-06T23:35-04:00,12.7,13.85,13.11,,
2024-08-07T00:14-04:00,12.7,13.85,13.1,,
2024-08-07T00:37-04:00,12.79,13.85,13.12,,
2024-08-07T01:10-04:00,12.75,13.85,13.11,,
2024-08-07T01:35-04:00,12.75,13.85,13.11,,
2024-08-07T02:15-04:00,12.74,13.85,13.12,,
2024-08-07T02:40-04:00,12.74,13.85,13.12,,
2024-08-07T03:10-04:00,12.74,13.85,13.15,,
2024-08-07T03:35-04:00,12.74,13.85,13.14,,
2024-08-07T04:14-04:00,12.77,13.85,13.2,,
2024-08-07T04:36-04:00,12.79,13.85,13.2,,
2024-08-07T05:12-04:00,12.84,13.85,13.2,,
2024-08-07T05:33-04:00,12.79,13.85,13.2,,
2024-08-07T06:11-04:00,12.79,13.85,13.15,,
2024-08-07T06:36-04:00,12.78,13.85,13.15,,
2024-08-07T07:09-04:00,12.74,13.85,13.13,,
2024-08-07T07:33-04:00,12.72,13.85,13.07,,
2024-08-07T08:20-04:00,12.49,13.85,13.05,,
2024-08-07T08:52-04:00,12.3,13.85,13.0,,
2024-08-07T09:15-04:00,12.55,13.85,13.0,,
2024-08-07T09:34-04:00,12.55,13.85,13.0,,
2024-08-07T10:10-04:00,12.54,13.85,13.0,,
2024-08-07T10:35-04:00,12.49,13.85,12.99,,
2024-08-07T11:10-04:00,12.34,13.85,12.98,,
2024-08-07T11:34-04:00,12.31,13.85,12.99,,
2024-08-07T12:13-04:00,12.3,13.85,12.99,,
2024-08-07T12:41-04:00,12.3,13.85,13.0,,
2024-08-07T13:11-04:00,12.3,13.85,13.0,,
2024-08-07T13:34-04:00,12.3,13.85,13.0,,
2024-08-07T14:14-04:00,12.3,13.85,13.0,,
2024-08-07T14:38-04:00,12.3,13.85,13.0,,
2024-08-07T15:09-04:00,12.3,13.85,13.0,,
2024-08-07T15:34-04:00,12.3,13.85,12.99,,
2024-08-07T16:11-04:00,12.3,13.85,13.0,,
2024-08-07T16:34-04:00,12.3,13.85,13.0,,
2024-08-07T17:12-04:00,12.3,13.85,13.0,,
2024-08-07T17:34-04:00,12.3,13.85,13.0,,
2024-08-07T18:10-04:00,12.3,13.85,12.95,,
2024-08-07T18:35-04:00,12.3,13.85,12.98,,
2024-08-07T19:10-04:00,12.3,13.85,12.97,,
2024-08-07T19:34-04:00,12.3,13.85,12.97,,
2024-08-07T20:51-04:00,12.59,13.85,12.99,,
2024-08-07T22:01-04:00,12.58,13.85,12.97,,
2024-08-07T22:48-04:00,12.57,13.85,12.95,,
2024-08-07T23:12-04:00,11.57,13.85,12.96,,
2024-08-07T23:35-04:00,12.48,13.85,12.98,,
2024-08-08T00:15-04:00,12.47,13.85,13.0,,
2024-08-08T00:38-04:00,12.45,13.85,13.0,,
2024-08-08T01:11-04:00,12.46,13.85,13.0,,
2024-08-08T01:35-04:00,12.47,13.85,13.0,,
2024-08-08T02:16-04:00,12.56,13.85,13.04,,
2024-08-08T02:40-04:00,12.55,13.85,13.04,,
2024-08-08T03:10-04:00,12.55,13.85,13.0,,
2024-08-08T03:34-04:00,12.54,13.85,13.0,,
2024-08-08T04:14-04:00,12.53,13.85,13.0,,
2024-08-08T04:37-04:00,12.52,13.85,13.0,,
2024-08-08T05:11-04:00,12.5,13.85,13.0,,
2024-08-08T05:33-04:00,12.5,13.85,13.0,,
2024-08-08T06:11-04:00,12.45,13.85,13.0,,
2024-08-08T06:36-04:00,12.4,13.85,13.0,,
2024-08-08T07:10-04:00,12.3,13.85,12.99,,
2024-08-08T07:35-04:00,12.33,13.85,12.99,,
2024-08-08T08:19-04:00,12.34,13.85,12.95,,
2024-08-08T08:52-04:00,12.29,13.85,12.94,,
2024-08-08T09:14-04:00,12.29,13.85,12.95,,
2024-08-08T09:34-04:00,12.29,13.85,12.9,,
2024-08-08T10:10-04:00,10.6,13.85,12.9,,
2024-08-08T10:34-04:00,12.1,13.85,12.71,,
2024-08-08T11:11-04:00,11.55,13.85,12.66,,
2024-08-08T11:34-04:00,11.39,13.85,12.79,,
2024-08-08T12:13-04:00,11.92,13.85,12.65,,
2024-08-08T12:39-04:00,11.74,13.85,12.75,,
2024-08-08T13:09-04:00,11.68,13.85,12.63,,
2024-08-08T13:33-04:00,11.73,13.85,12.68,,
2024-08-08T14:15-04:00,11.7,13.85,12.57,,
2024-08-08T14:39-04:00,11.68,13.85,12.57,,
2024-08-08T15:08-04:00,11.67,13.85,12.5,,
2024-08-08T15:34-04:00,11.6,13.85,12.5,,
2024-08-08T16:12-04:00,11.57,13.85,12.5,,
2024-08-08T16:34-04:00,11.57,13.85,12.55,,
2024-08-08T17:10-04:00,11.6,13.85,12.55,,
2024-08-08T17:34-04:00,11.59,13.85,12.55,,
2024-08-08T18:10-04:00,11.58,13.85,12.55,,
2024-08-08T18:35-04:00,11.58,13.85,12.55,,
2024-08-08T19:11-04:00,11.56,13.85,12.5,,
2024-08-08T19:34-04:00,11.53,13.85,12.37,,
2024-08-08T20:52-04:00,11.08,13.85,12.3,,
2024-08-08T22:03-04:00,10.83,13.85,12.45,,
2024-08-08T22:48-04:00,11.08,13.85,12.5,,
2024-08-08T23:12-04:00,11.18,13.85,12.55,,
2024-08-08T23:35-04:00,11.16,13.85,12.55,,
2024-08-09T00:13-04:00,11.18,13.85,12.6,,
2024-08-09T00:36-04:00,11.19,13.85,12.62,,
2024-08-09T01:11-04:00,11.15,13.85,12.6,,
2024-08-09T01:35-04:00,11.21,13.85,12.64,,
2024-08-09T02:15-04:00,11.2,13.85,12.61,,
2024-08-09T02:40-04:00,11.15,13.85,12.6,,
2024-08-09T03:10-04:00,11.15,13.85,12.6,,
2024-08-09T03:34-04:00,11.15,13.85,12.6,,
2024-08-09T04:14-04:00,11.11,13.85,12.62,,
2024-08-09T04:37-04:00,11.1,13.85,12.61,,
2024-08-09T05:12-04:00,11.08,13.85,12.61,,
2024-08-09T05:34-04:00,11.08,13.85,12.62,,
2024-08-09T06:11-04:00,11.07,13.85,12.6,,
2024-08-09T06:37-04:00,11.05,13.85,12.56,,
2024-08-09T07:09-04:00,11.05,13.85,12.55,,
2024-08-09T07:34-04:00,11.04,13.85,12.54,,
2024-08-09T08:20-04:00,10.9,13.85,12.5,,
2024-08-09T08:52-04:00,10.8,13.85,12.33,,
2024-08-09T09:14-04:00,10.75,13.85,12.18,,
2024-08-09T09:33-04:00,10.68,13.85,12.24,,
2024-08-09T10:10-04:00,11.01,13.85,12.61,,
2024-08-09T10:35-04:00,11.05,13.85,12.3,,
2024-08-09T11:12-04:00,10.88,13.85,12.1,,
2024-08-09T11:34-04:00,10.76,13.85,12.1,,
2024-08-09T12:13-04:00,10.83,13.85,12.2,,
2024-08-09T12:39-04:00,10.85,13.85,12.22,,
2024-08-09T13:10-04:00,10.83,13.85,12.25,,
2024-08-09T13:34-04:00,10.86,13.85,12.2,,
2024-08-09T14:14-04:00,10.81,13.85,12.32,11.98,
2024-08-09T14:38-04:00,10.88,13.85,12.48,12.01,
2024-08-09T15:09-04:00,10.88,13.85,12.37,12.13,
2024-08-09T15:34-04:00,10.95,13.85,12.48,12.18,
2024-08-09T16:12-04:00,11.0,13.85,12.5,12.23,
2024-08-09T16:33-04:00,11.03,13.85,12.6,12.25,
2024-08-09T17:09-04:00,11.08,13.85,12.65,12.3,
2024-08-09T17:33-04:00,11.11,13.85,12.3,12.24,
2024-08-09T18:11-04:00,11.09,13.85,12.55,12.36,
2024-08-09T18:35-04:00,11.13,13.85,12.6,12.27,
2024-08-09T19:10-04:00,11.13,13.85,12.37,12.09,
2024-08-09T19:33-04:00,11.1,13.85,12.46,12.07,
2024-08-09T20:51-04:00,11.05,13.85,12.04,11.93,
2024-08-09T22:01-04:00,10.98,13.85,12.5,12.21,
2024-08-09T22:46-04:00,10.92,13.85,12.5,12.07,
2024-08-09T23:13-04:00,11.0,13.85,12.48,12.07,
2024-08-09T23:36-04:00,10.96,13.85,12.53,12.14,
2024-08-10T00:14-04:00,10.99,13.85,12.6,12.14,
2024-08-10T00:39-04:00,10.97,13.85,12.6,12.15,
2024-08-10T01:10-04:00,10.95,13.85,12.6,12.17,
2024-08-10T01:35-04:00,10.95,13.85,12.6,12.13,
2024-08-10T02:14-04:00,10.94,13.85,12.6,12.16,
2024-08-10T02:38-04:00,10.95,13.85,12.61,12.17,
2024-08-10T03:09-04:00,10.94,13.85,12.61,12.2,
2024-08-10T03:33-04:00,10.94,13.85,12.63,12.2,
2024-08-10T04:13-04:00,10.94,13.85,12.65,12.19,
2024-08-10T04:35-04:00,10.97,13.85,12.65,12.17,
2024-08-10T05:11-04:00,10.94,13.85,12.61,12.16,
2024-08-10T05:33-04:00,10.94,13.85,12.63,12.17,
2024-08-10T06:12-04:00,10.99,13.85,12.65,12.18,
2024-08-10T06:36-04:00,10.98,13.85,12.61,12.17,
2024-08-10T07:08-04:00,11.0,13.85,12.6,12.12,
2024-08-10T07:33-04:00,10.99,13.85,12.5,11.98,
2024-08-10T08:18-04:00,11.0,13.85,12.5,11.98,
2024-08-10T08:49-04:00,10.96,13.85,12.4,12.06,
2024-08-10T09:11-04:00,10.96,13.85,12.3,12.01,
2024-08-10T09:33-04:00,10.99,13.85,12.5,11.86,
2024-08-10T10:09-04:00,11.0,13.85,12.5,11.82,
2024-08-10T10:33-04:00,10.99,13.85,12.37,11.8,
2024-08-10T11:10-04:00,10.95,13.85,12.0,11.82,
2024-08-10T11:34-04:00,10.95,13.85,12.0,11.88,
2024-08-10T12:13-04:00,10.9,13.85,11.99,11.87,
2024-08-10T12:40-04:00,10.95,13.85,12.0,12.05,
2024-08-10T13:08-04:00,10.93,13.85,11.99,11.99,
2024-08-10T13:34-04:00,10.9,13.85,11.98,12.05,
2024-08-10T14:13-04:00,10.9,13.85,12.1,12.04,
2024-08-10T14:36-04:00,10.93,13.85,12.0,12.14,
2024-08-10T15:08-04:00,10.92,13.85,12.0,12.08,
2024-08-10T15:33-04:00,10.87,13.85,11.77,11.93,
2024-08-10T16:10-04:00,10.89,13.85,11.95,11.92,
2024-08-10T16:34-04:00,10.89,13.85,11.69,11.8,
2024-08-10T17:11-04:00,10.9,13.85,12.0,11.82,
2024-08-10T17:34-04:00,10.9,13.85,11.9,11.79,
2024-08-10T18:10-04:00,10.89,13.85,11.74,11.81,
2024-08-10T18:34-04:00,10.86,13.85,11.54,11.87,
2024-08-10T19:10-04:00,10.86,13.85,11.8,11.94,
2024-08-10T19:33-04:00,10.82,13.85,11.65,11.93,
2024-08-10T20:55-04:00,10.85,13.85,11.82,12.13,
2024-08-10T22:07-04:00,10.9,13.85,12.05,12.13,
2024-08-10T22:51-04:00,10.9,13.85,12.05,12.21,
2024-08-10T23:11-04:00,10.89,13.85,12.0,12.14,
2024-08-10T23:35-04:00,10.88,13.85,12.05,12.2,
2024-08-11T00:13-04:00,10.87,13.85,12.25,12.3,
2024-08-11T00:36-04:00,10.88,13.85,12.33,12.28,
2024-08-11T01:10-04:00,10.88,13.85,12.5,12.35,
2024-08-11T01:33-04:00,10.89,13.85,12.5,12.44,
2024-08-11T02:15-04:00,10.89,13.85,12.5,12.41,
2024-08-11T02:39-04:00,10.89,13.85,12.61,12.47,
2024-08-11T03:09-04:00,10.89,13.85,12.61,12.49,
2024-08-11T03:33-04:00,10.89,13.85,12.61,12.53,
2024-08-11T04:12-04:00,10.89,13.85,12.61,12.52,
2024-08-11T04:35-04:00,10.89,13.85,12.61,12.54,
2024-08-11T05:11-04:00,10.89,13.85,12.6,12.52,
2024-08-11T05:33-04:00,10.89,13.85,12.6,12.5,
2024-08-11T06:10-04:00,10.88,13.85,12.5,12.36,
2024-08-11T06:35-04:00,10.89,13.85,12.55,12.32,
2024-08-11T07:08-04:00,10.9,13.85,12.5,12.31,
2024-08-11T07:33-04:00,10.93,13.85,12.43,12.29,
2024-08-11T08:18-04:00,10.89,13.85,12.2,12.02,
2024-08-11T08:49-04:00,10.9,13.85,12.15,12.08,
2024-08-11T09:11-04:00,10.89,13.85,12.0,11.96,
2024-08-11T09:34-04:00,10.89,13.85,12.05,11.99,
2024-08-11T10:10-04:00,10.92,13.85,12.2,11.98,
2024-08-11T10:35-04:00,10.91,13.85,12.05,11.95,
2024-08-11T11:10-04:00,10.89,13.85,12.0,11.96,
2024-08-11T11:35-04:00,10.93,13.85,12.0,12.1,
2024-08-11T12:12-04:00,10.98,13.85,12.32,12.01,
2024-08-11T12:37-04:00,10.99,13.85,12.32,12.04,
2024-08-11T13:08-04:00,10.99,13.85,12.25,12.05,
2024-08-11T13:34-04:00,10.99,13.85,12.0,11.95,
2024-08-11T14:15-04:00,10.97,13.85,11.77,11.9,
2024-08-11T14:38-04:00,10.93,13.85,11.74,11.91,
2024-08-11T15:09-04:00,10.93,13.85,11.77,11.96,
2024-08-11T15:34-04:00,10.94,13.85,11.69,11.9,
2024-08-11T16:11-04:00,10.92,13.85,11.55,11.88,
2024-08-11T16:35-04:00,10.93,13.85,11.82,11.94,
2024-08-11T17:11-04:00,10.95,13.85,12.0,11.99,
2024-08-11T17:33-04:00,10.95,13.85,12.0,11.96,
2024-08-11T18:11-04:00,10.93,13.85,11.84,11.92,
2024-08-11T18:36-04:00,10.94,13.85,11.8,11.84,
2024-08-11T19:10-04:00,10.93,13.85,11.8,11.83,
2024-08-11T19:35-04:00,10.93,13.85,11.8,11.9,
2024-08-11T20:53-04:00,10.94,13.85,12.0,11.9,
2024-08-11T22:04-04:00,10.94,13.85,12.0,11.86,
2024-08-11T22:49-04:00,10.94,13.85,12.32,11.87,
2024-08-11T23:12-04:00,10.9,13.85,12.33,11.86,
2024-08-11T23:36-04:00,10.94,13.85,12.5,12.13,
2024-08-12T00:13-04:00,10.95,13.85,12.6,12.14,
2024-08-12T00:36-04:00,10.9,13.85,12.65,12.18,
2024-08-12T01:11-04:00,10.95,13.85,12.8,12.21,
2024-08-12T01:36-04:00,10.95,13.85,12.8,12.24,
2024-08-12T02:15-04:00,10.98,13.85,12.86,12.43,
2024-08-12T02:40-04:00,9.58,13.85,12.91,12.45,
2024-08-12T03:10-04:00,9.58,13.85,12.95,12.49,
2024-08-12T03:34-04:00,10.8,13.85,12.91,12.41,
2024-08-12T04:15-04:00,10.8,13.85,12.93,12.47,
2024-08-12T04:38-04:00,10.8,13.85,12.91,12.46,
2024-08-12T05:12-04:00,10.8,13.85,12.91,12.46,
2024-08-12T05:34-04:00,10.8,13.85,12.91,12.46,
2024-08-12T06:11-04:00,10.8,13.85,12.8,12.49,
2024-08-12T06:37-04:00,10.8,13.85,12.6,12.36,
2024-08-12T07:09-04:00,10.77,13.85,12.47,12.15,
2024-08-12T07:33-04:00,10.77,13.85,12.3,11.98,
2024-08-12T08:22-04:00,10.77,13.85,11.82,11.77,
2024-08-12T08:54-04:00,10.77,13.85,11.57,11.88,
2024-08-12T09:16-04:00,10.77,13.85,11.6,11.95,
2024-08-12T09:34-04:00,10.77,13.85,11.53,11.93,
2024-08-12T10:13-04:00,10.77,13.85,11.74,11.81,
2024-08-12T10:37-04:00,10.77,13.85,11.65,11.75,
2024-08-12T11:12-04:00,10.77,13.85,11.5,11.76,10.9
2024-08-12T11:35-04:00,10.77,13.85,11.5,11.73,10.9
2024-08-12T12:13-04:00,10.77,13.85,11.43,11.71,10.9
2024-08-12T12:39-04:00,10.77,13.85,11.5,11.72,10.88
2024-08-12T13:09-04:00,10.77,13.85,11.5,11.65,10.89
2024-08-12T13:34-04:00,10.77,13.85,11.65,11.62,10.89
2024-08-12T14:15-04:00,10.77,13.85,11.36,11.59,10.88
2024-08-12T14:40-04:00,10.77,13.85,11.3,11.66,10.87
2024-08-12T15:09-04:00,10.77,13.85,11.33,11.62,10.87
2024-08-12T15:33-04:00,10.77,13.85,11.5,11.61,10.87
2024-08-12T16:11-04:00,10.77,13.85,11.55,11.65,10.87
2024-08-12T16:35-04:00,10.77,13.85,11.55,11.6,10.87
2024-08-12T17:10-04:00,10.77,13.85,11.5,11.65,10.87
2024-08-12T17:33-04:00,10.77,13.85,11.55,11.68,10.87
2024-08-12T18:10-04:00,10.77,13.85,11.79,11.66,10.88
2024-08-12T18:35-04:00,10.77,13.85,12.0,11.81,10.9
2024-08-12T19:11-04:00,10.77,13.85,12.0,11.86,10.9
2024-08-12T19:33-04:00,10.77,13.85,12.0,11.89,10.9
2024-08-12T20:52-04:00,10.77,13.85,11.9,11.82,10.91
2024-08-12T22:03-04:00,10.77,13.85,12.0,11.96,10.95
2024-08-12T22:49-04:00,10.77,13.85,12.0,12.02,10.97
2024-08-12T23:12-04:00,10.94,13.85,12.0,12.05,10.97
2024-08-12T23:36-04:00,10.95,13.85,12.0,11.94,10.95
2024-08-13T00:13-04:00,10.95,13.85,12.32,12.03,10.95
2024-08-13T00:36-04:00,10.95,13.85,12.27,12.01,10.95
2024-08-13T01:11-04:00,10.89,13.85,12.46,12.1,10.95
2024-08-13T01:35-04:00,10.89,13.85,12.5,12.28,10.96
2024-08-13T02:16-04:00,10.9,13.85,12.6,12.33,10.95
2024-08-13T02:40-04:00,10.95,13.85,12.61,12.33,10.99
2024-08-13T03:11-04:00,10.95,13.85,12.6,12.33,10.99
2024-08-13T03:34-04:00,10.9,13.85,12.6,12.33,10.96
2024-08-13T04:13-04:00,10.95,13.85,12.6,12.31,10.96
2024-08-13T04:37-04:00,10.9,13.85,12.55,12.31,10.96
2024-08-13T05:12-04:00,10.95,13.85,12.6,12.31,10.96
2024-08-13T05:35-04:00,10.9,13.85,12.6,12.31,10.98
2024-08-13T06:12-04:00,10.94,13.85,12.5,12.29,10.95
2024-08-13T06:38-04:00,10.93,13.85,12.46,12.2,10.95
2024-08-13T07:08-04:00,10.94,13.85,12.33,12.28,10.94
2024-08-13T07:34-04:00,10.95,13.85,12.48,12.28,10.96
2024-08-13T08:21-04:00,10.92,13.85,11.89,11.89,10.93
2024-08-13T08:52-04:00,10.89,13.85,11.5,11.74,10.9
2024-08-13T09:15-04:00,10.89,13.85,11.66,11.71,10.9
2024-08-13T09:34-04:00,10.89,13.85,11.66,11.55,10.9
2024-08-13T10:10-04:00,10.89,13.85,11.5,11.7,10.9
2024-08-13T10:35-04:00,10.89,13.85,11.4,11.65,10.9
2024-08-13T11:11-04:00,10.87,13.85,11.08,11.43,10.89
2024-08-13T11:34-04:00,10.8,13.85,11.1,11.49,10.89
2024-08-13T12:13-04:00,10.8,13.85,11.09,11.52,10.86
2024-08-13T12:40-04:00,10.8,13.85,11.1,11.41,10.86
2024-08-13T13:10-04:00,10.8,13.85,11.09,11.48,10.85
2024-08-13T13:34-04:00,10.8,13.85,11.14,11.53,10.85
2024-08-13T14:14-04:00,10.75,13.85,11.08,11.58,10.85
2024-08-13T14:39-04:00,10.83,13.85,11.25,11.57,10.85
2024-08-13T15:09-04:00,10.84,13.85,11.23,11.55,10.88
2024-08-13T15:33-04:00,10.87,13.85,11.2,11.56,10.88
2024-08-13T16:11-04:00,10.89,13.85,11.5,11.64,10.9
2024-08-13T16:33-04:00,10.89,13.85,11.72,11.71,10.9
2024-08-13T17:10-04:00,10.9,13.85,12.0,11.75,10.94
2024-08-13T17:33-04:00,10.94,13.85,11.89,11.74,10.94
2024-08-13T18:10-04:00,10.89,13.85,11.8,11.76,10.94
2024-08-13T18:35-04:00,10.89,13.85,11.5,11.77,10.93
2024-08-13T19:10-04:00,10.89,13.85,11.66,11.76,10.94
2024-08-13T19:33-04:00,10.89,13.85,11.5,11.68,10.94
2024-08-13T20:51-04:00,10.91,13.85,11.39,11.55,10.93
2024-08-13T22:02-04:00,10.87,13.85,11.23,11.55,10.9
2024-08-13T22:48-04:00,10.9,13.85,11.5,11.66,10.91
2024-08-13T23:13-04:00,10.89,13.85,11.6,11.72,10.91
2024-08-13T23:36-04:00,10.91,13.85,11.75,11.72,10.93
2024-08-14T00:15-04:00,10.92,13.85,11.8,11.67,10.93
2024-08-14T00:36-04:00,10.91,13.85,11.8,11.7,10.93
2024-08-14T01:11-04:00,10.9,13.85,11.87,11.71,10.94
2024-08-14T01:35-04:00,10.89,13.85,11.93,11.77,10.93
2024-08-14T02:15-04:00,10.89,13.85,11.87,11.77,10.93
2024-08-14T02:39-04:00,10.89,13.85,11.96,11.77,10.94
2024-08-14T03:10-04:00,10.89,13.85,11.96,11.77,10.94
2024-08-14T03:34-04:00,10.91,13.85,11.98,11.78,10.94
2024-08-14T04:14-04:00,10.91,13.85,11.99,11.75,10.94
2024-08-14T04:37-04:00,10.91,13.85,12.0,11.75,10.92
2024-08-14T05:11-04:00,10.91,13.85,12.0,11.75,10.94
2024-08-14T05:34-04:00,10.91,13.85,11.93,11.74,10.93
2024-08-14T06:12-04:00,10.91,13.85,11.8,11.7,10.94
2024-08-14T06:37-04:00,10.92,13.85,11.93,11.67,10.93
2024-08-14T07:10-04:00,10.92,13.85,11.78,11.76,10.93
2024-08-14T07:34-04:00,10.91,13.85,11.74,11.66,10.94
2024-08-14T08:20-04:00,10.91,13.85,11.75,11.6,10.93
2024-08-14T08:52-04:00,10.91,13.85,11.6,11.57,10.92
2024-08-14T09:15-04:00,10.9,13.85,11.4,11.51,10.92
2024-08-14T09:33-04:00,10.9,13.85,11.21,11.45,10.92
2024-08-14T10:10-04:00,10.9,13.85,11.07,11.53,10.9
2024-08-14T10:35-04:00,10.9,13.85,11.15,11.58,10.91
2024-08-14T11:11-04:00,10.9,13.85,11.1,11.52,10.91
2024-08-14T11:34-04:00,10.9,13.85,11.09,11.48,10.92
2024-08-14T12:14-04:00,10.9,13.85,11.08,11.46,10.91
2024-08-14T12:41-04:00,10.89,13.85,11.09,11.5,10.92
2024-08-14T13:09-04:00,10.91,13.85,11.1,11.43,10.92
2024-08-14T13:33-04:00,10.9,13.85,11.05,11.35,10.92
2024-08-14T14:14-04:00,10.9,13.85,11.03,11.36,10.92
2024-08-14T14:38-04:00,10.91,13.85,11.03,11.39,10.92
2024-08-14T15:10-04:00,10.91,13.85,11.1,11.37,10.92
2024-08-14T15:34-04:00,10.91,13.85,11.12,11.38,10.92
2024-08-14T16:11-04:00,10.91,13.85,11.1,11.49,10.91
2024-08-14T16:33-04:00,10.91,13.85,11.2,11.44,10.93
2024-08-14T17:10-04:00,10.93,13.85,11.23,11.51,10.93
2024-08-14T17:34-04:00,10.92,13.85,11.2,11.43,10.93
2024-08-14T18:11-04:00,10.91,13.85,11.2,11.43,10.93
2024-08-14T18:36-04:00,10.91,13.85,11.2,11.44,10.93
2024-08-14T19:47-04:00,10.92,13.85,11.35,11.57,10.93
2024-08-14T20:49-04:00,10.92,13.85,11.5,11.54,10.94
2024-08-14T21:54-04:00,10.93,13.85,11.2,11.53,10.93
2024-08-14T22:30-04:00,10.93,13.85,11.2,11.55,10.93
2024-08-14T23:12-04:00,10.91,13.85,11.5,11.6,10.93
2024-08-14T23:36-04:00,10.91,13.85,11.7,11.64,10.93
2024-08-15T00:12-04:00,10.91,13.85,11.8,11.68,10.93
2024-08-15T00:36-04:00,10.91,13.85,11.8,11.73,10.91
2024-08-15T01:11-04:00,10.92,13.85,11.98,11.79,10.93
2024-08-15T01:35-04:00,10.93,13.85,12.0,11.85,10.93
2024-08-15T02:15-04:00,10.93,13.85,12.0,11.82,10.93
2024-08-15T02:40-04:00,10.92,13.85,12.0,11.81,10.93
2024-08-15T03:10-04:00,10.93,13.85,12.0,11.81,10.93
2024-08-15T03:34-04:00,10.93,13.85,12.0,11.81,10.93
2024-08-15T04:14-04:00,10.93,13.85,12.0,11.81,10.93
2024-08-15T04:37-04:00,10.93,13.85,12.0,11.81,10.93
2024-08-15T05:11-04:00,10.93,13.85,11.98,11.8,10.93
2024-08-15T05:33-04:00,10.93,13.85,11.93,11.8,10.93
2024-08-15T06:13-04:00,10.93,13.85,11.8,11.71,10.93
2024-08-15T06:38-04:00,10.92,13.85,11.71,11.63,10.93
2024-08-15T07:09-04:00,10.9,13.85,11.6,11.61,10.93
2024-08-15T07:35-04:00,10.93,13.85,11.6,11.59,10.93
2024-08-15T08:20-04:00,10.92,13.85,11.49,11.55,10.93
2024-08-15T08:52-04:00,10.91,13.85,11.1,11.38,10.92
2024-08-15T09:14-04:00,10.91,13.85,11.08,11.41,10.92
2024-08-15T09:33-04:00,10.9,13.85,11.2,11.38,10.93
2024-08-15T10:10-04:00,10.92,13.85,11.05,11.4,10.93
2024-08-15T10:35-04:00,10.91,13.85,11.0,11.38,10.92
2024-08-15T11:11-04:00,10.91,13.85,11.0,11.38,10.92
2024-08-15T11:34-04:00,10.9,13.85,11.0,11.38,10.92
2024-08-15T12:13-04:00,10.91,13.85,11.0,11.51,10.92
2024-08-15T12:39-04:00,10.91,13.85,11.0,11.48,10.92
2024-08-15T13:09-04:00,10.92,13.85,11.07,11.61,10.93
2024-08-15T13:33-04:00,10.92,13.85,11.0,11.5,10.93
2024-08-15T14:14-04:00,10.91,13.85,11.07,11.34,10.93
2024-08-15T14:39-04:00,10.91,13.85,11.06,11.29,10.92
2024-08-15T15:08-04:00,10.91,13.85,11.0,11.31,10.92
2024-08-15T15:34-04:00,10.92,13.85,11.06,11.35,10.93
2024-08-15T16:11-04:00,10.92,13.85,11.0,11.39,10.93
2024-08-15T16:33-04:00,10.9,13.85,11.07,11.38,10.93
2024-08-15T17:10-04:00,10.93,13.85,11.4,11.5,10.94
2024-08-15T17:34-04:00,10.93,13.85,11.09,11.41,10.94
2024-08-15T18:10-04:00,10.94,13.85,11.15,11.43,10.94
2024-08-15T18:35-04:00,10.94,13.85,11.15,11.39,10.95
2024-08-15T19:09-04:00,10.94,13.85,11.48,11.44,10.96
2024-08-15T19:33-04:00,10.95,13.85,11.44,11.43,10.96
2024-08-15T20:51-04:00,10.92,13.85,11.4,11.37,10.96
2024-08-15T22:01-04:00,10.92,13.85,11.5,11.35,10.98
2024-08-15T22:47-04:00,10.92,13.85,11.5,11.33,10.98
2024-08-15T23:14-04:00,10.92,13.85,11.55,11.34,10.98
2024-08-15T23:38-04:00,10.92,13.85,11.55,11.37,10.97
2024-08-16T00:12-04:00,10.92,13.85,11.8,11.45,10.97
2024-08-16T00:36-04:00,10.92,13.85,11.98,11.47,10.97
2024-08-16T01:11-04:00,10.92,13.85,11.98,11.41,10.97
2024-08-16T01:35-04:00,10.92,13.85,12.05,11.43,10.99
2024-08-16T02:14-04:00,10.92,13.85,12.0,11.44,10.99
2024-08-16T02:39-04:00,10.92,13.85,12.0,11.43,10.99
2024-08-16T03:11-04:00,10.92,13.85,12.1,11.44,10.99
2024-08-16T03:33-04:00,10.92,13.85,12.0,11.43,10.99
2024-08-16T04:14-04:00,10.92,13.85,12.1,11.43,10.99
2024-08-16T04:37-04:00,10.92,13.85,12.05,11.43,10.99
2024-08-16T05:12-04:00,10.92,13.85,12.1,11.43,10.99
2024-08-16T05:34-04:00,10.92,13.85,12.15,11.44,11.0
2024-08-16T06:11-04:00,10.92,13.85,11.98,11.43,10.99
2024-08-16T06:37-04:00,10.92,13.85,11.8,11.36,10.99
2024-08-16T07:10-04:00,10.92,13.85,11.6,11.35,10.98
2024-08-16T07:33-04:00,10.92,13.85,11.53,11.32,10.98
2024-08-16T08:20-04:00,10.93,13.85,11.55,11.36,10.99
2024-08-16T08:51-04:00,10.93,13.85,11.21,11.43,10.98
2024-08-16T09:14-04:00,10.93,13.85,11.12,11.43,10.98
2024-08-16T09:33-04:00,10.93,13.85,11.1,11.37,10.98
2024-08-16T10:09-04:00,10.93,13.85,11.1,11.34,10.98
2024-08-16T10:34-04:00,10.93,13.85,11.1,11.27,10.98
2024-08-16T11:10-04:00,10.93,13.85,11.1,11.33,10.98
2024-08-16T11:33-04:00,10.93,13.85,11.06,11.32,10.98
2024-08-16T12:14-04:00,7.1,13.85,11.14,11.29,10.98
2024-08-16T12:41-04:00,7.1,13.85,11.14,11.27,10.98
2024-08-16T13:09-04:00,7.1,13.84,11.1,11.22,10.98
2024-08-16T13:33-04:00,7.1,13.84,11.2,11.22,10.98
2024-08-16T14:14-04:00,7.1,13.84,11.1,11.3,10.97
2024-08-16T14:38-04:00,10.93,13.84,11.15,11.45,10.97
2024-08-16T15:09-04:00,10.93,13.84,11.05,11.46,10.97
2024-08-16T15:33-04:00,10.93,13.84,11.15,11.44,10.97
2024-08-16T16:12-04:00,10.93,13.84,11.06,11.37,10.97
2024-08-16T16:33-04:00,10.93,13.84,11.45,11.39,10.98
2024-08-16T17:10-04:00,10.93,13.84,11.45,11.46,10.98
2024-08-16T17:33-04:00,10.93,13.84,11.55,11.5,10.97
2024-08-16T18:10-04:00,10.93,13.84,11.57,11.61,10.98
2024-08-16T18:35-04:00,10.93,13.84,11.96,11.6,11.0
2024-08-16T19:11-04:00,10.93,13.84,11.93,11.48,11.0
2024-08-16T19:33-04:00,10.99,13.84,12.0,11.58,11.0
2024-08-17T09:35-04:00,11.19,13.84,11.9,11.9,11.2
2024-08-17T09:36-04:00,11.18,13.84,11.9,11.9,11.2
2024-08-17T10:10-04:00,11.19,13.84,11.85,11.9,11.23
2024-08-17T10:33-04:00,11.19,13.85,11.77,11.84,11.23
2024-08-17T11:09-04:00,11.2,13.85,11.7,11.84,11.22
2024-08-17T11:33-04:00,11.19,13.85,11.66,11.77,11.23
2024-08-17T12:13-04:00,11.2,13.85,11.6,11.79,11.21
2024-08-17T12:39-04:00,11.19,13.85,11.7,11.82,11.21
2024-08-17T13:08-04:00,11.19,13.85,11.63,11.79,11.21
2024-08-17T13:34-04:00,11.21,13.85,11.63,11.72,11.21
2024-08-17T14:13-04:00,11.18,13.85,11.5,11.68,11.19
2024-08-17T14:36-04:00,11.18,13.85,11.55,11.67,11.19
2024-08-17T15:09-04:00,11.17,13.85,11.52,11.65,11.18
2024-08-17T15:33-04:00,11.17,13.85,11.57,11.67,11.19
2024-08-17T16:11-04:00,11.18,13.85,11.5,11.67,11.19
2024-08-17T16:33-04:00,11.16,13.85,11.42,11.61,11.18
2024-08-17T17:09-04:00,11.13,13.85,11.42,11.54,11.17
2024-08-17T17:34-04:00,11.12,13.85,11.42,11.57,11.14
2024-08-17T18:09-04:00,11.11,13.85,11.42,11.55,11.12
2024-08-17T18:34-04:00,11.05,13.85,11.37,11.54,11.1
2024-08-17T19:09-04:00,11.06,13.85,11.42,11.57,11.1
2024-08-17T19:35-04:00,11.06,13.85,11.37,11.54,11.07
2024-08-17T20:54-04:00,11.04,13.85,11.37,11.5,11.05
2024-08-17T22:05-04:00,11.05,13.85,11.5,11.54,11.08
2024-08-17T22:48-04:00,11.05,13.85,11.5,11.57,11.07
2024-08-17T23:11-04:00,11.04,13.85,11.5,11.57,11.08
2024-08-17T23:34-04:00,11.06,13.85,11.5,11.65,11.06
2024-08-18T00:14-04:00,11.06,13.85,11.57,11.63,11.15
2024-08-18T00:36-04:00,11.06,13.85,11.57,11.63,11.15
2024-08-18T01:10-04:00,11.06,13.85,11.61,11.62,11.15
2024-08-18T01:34-04:00,11.06,13.85,11.59,11.56,11.15
2024-08-18T02:14-04:00,11.06,13.85,11.6,11.58,11.15
2024-08-18T02:38-04:00,11.07,13.85,11.63,11.59,11.15
2024-08-18T03:09-04:00,11.06,13.85,11.63,11.59,11.15
2024-08-18T03:33-04:00,11.08,13.85,11.66,11.59,11.15
2024-08-18T04:12-04:00,11.08,13.85,11.7,11.63,11.15
2024-08-18T04:35-04:00,11.12,13.85,11.71,11.63,11.15
2024-08-18T05:12-04:00,11.11,13.85,11.7,11.63,11.15
2024-08-18T05:34-04:00,11.11,13.85,11.66,11.61,11.15
2024-08-18T06:11-04:00,11.1,13.85,11.63,11.61,11.14
2024-08-18T06:35-04:00,11.1,13.85,11.62,11.6,11.14
2024-08-18T07:08-04:00,11.07,13.85,11.5,11.5,11.08
2024-08-18T07:34-04:00,11.08,13.85,11.5,11.48,11.09
2024-08-18T08:20-04:00,11.05,13.85,11.48,11.49,11.07
2024-08-18T08:50-04:00,11.05,13.85,11.49,11.51,11.06
2024-08-18T09:12-04:00,11.05,13.85,11.48,11.5,11.06
2024-08-18T09:33-04:00,11.05,13.85,11.4,11.48,11.06
2024-08-18T10:09-04:00,11.05,13.85,11.38,11.51,11.06
2024-08-18T10:35-04:00,11.05,13.85,11.37,11.5,11.06
2024-08-18T11:09-04:00,11.03,13.85,11.35,11.51,11.05
2024-08-18T11:35-04:00,11.0,13.85,11.32,11.51,11.04
2024-08-18T12:12-04:00,11.01,13.85,11.35,11.53,11.02
2024-08-18T12:38-04:00,11.01,13.85,11.36,11.56,11.04
2024-08-18T13:08-04:00,11.01,13.85,11.49,11.6,11.04
2024-08-18T13:34-04:00,11.01,13.85,11.38,11.59,11.04
2024-08-18T14:13-04:00,11.01,13.85,11.36,11.54,11.02
2024-08-18T14:36-04:00,11.01,13.85,11.35,11.53,11.02
2024-08-18T15:08-04:00,11.0,13.85,11.33,11.49,11.01
2024-08-18T15:33-04:00,11.01,13.85,11.35,11.51,11.02
2024-08-18T16:10-04:00,11.0,13.85,11.3,11.49,11.01
2024-08-18T16:33-04:00,11.0,13.85,11.35,11.48,11.02
2024-08-18T17:09-04:00,11.0,13.85,11.35,11.48,11.02
2024-08-18T17:35-04:00,10.99,13.85,11.35,11.5,11.02
2024-08-18T18:10-04:00,11.0,13.85,11.4,11.54,11.0
2024-08-18T18:34-04:00,11.01,13.85,11.49,11.59,11.04
2024-08-18T19:11-04:00,11.05,13.85,11.59,11.7,11.05
2024-08-18T19:34-04:00,11.04,13.85,11.61,11.74,11.05
2024-08-18T20:52-04:00,11.06,13.85,11.59,11.67,11.14
2024-08-18T22:03-04:00,11.06,13.85,11.5,11.65,11.1
2024-08-18T22:49-04:00,11.05,13.85,11.57,11.68,11.05
2024-08-18T23:12-04:00,11.05,13.85,11.59,11.66,11.1
2024-08-18T23:35-04:00,11.07,13.85,11.5,11.66,11.1
2024-08-19T00:12-04:00,11.07,13.85,11.55,11.72,11.1
2024-08-19T00:36-04:00,11.05,13.85,11.5,11.7,11.1
2024-08-19T01:11-04:00,11.05,13.85,11.5,11.71,11.1
2024-08-19T01:35-04:00,11.05,13.85,11.5,11.72,11.1
2024-08-19T02:15-04:00,11.05,13.85,11.5,11.69,11.06
2024-08-19T02:40-04:00,11.05,13.85,11.53,11.71,11.1
2024-08-19T03:12-04:00,11.05,13.85,11.57,11.73,11.1
2024-08-19T03:34-04:00,11.05,13.85,11.57,11.73,11.1
2024-08-19T04:14-04:00,11.07,13.85,11.6,11.74,11.1
2024-08-19T04:37-04:00,11.07,13.85,11.6,11.74,11.1
2024-08-19T05:12-04:00,11.06,13.85,11.6,11.74,11.1
2024-08-19T05:34-04:00,11.06,13.85,11.6,11.74,11.1
2024-08-19T06:13-04:00,11.05,13.85,11.6,11.74,11.1
2024-08-19T06:39-04:00,11.04,13.85,11.59,11.73,11.09
2024-08-19T07:09-04:00,11.05,13.85,11.5,11.62,11.05
2024-08-19T07:33-04:00,11.04,13.85,11.55,11.64,11.05
2024-08-19T08:20-04:00,11.05,13.85,11.5,11.6,11.07
2024-08-19T08:52-04:00,11.07,13.85,11.5,11.6,11.07
2024-08-19T09:15-04:00,11.06,13.85,11.4,11.57,11.07
2024-08-19T09:34-04:00,11.06,13.85,11.4,11.51,11.06
2024-08-19T10:12-04:00,11.06,13.85,11.45,11.49,11.07
2024-08-19T10:36-04:00,11.04,13.85,11.4,11.52,11.07
2024-08-19T11:11-04:00,11.02,13.85,11.3,11.43,11.05
2024-08-19T11:34-04:00,11.02,13.85,11.28,11.46,11.04
2024-08-19T12:13-04:00,11.0,13.85,11.3,11.5,11.02
2024-08-19T12:38-04:00,11.0,13.85,11.3,11.48,11.03
2024-08-19T13:11-04:00,11.02,13.85,11.3,11.5,11.03
2024-08-19T13:34-04:00,11.01,13.85,11.3,11.47,11.03
2024-08-19T14:14-04:00,11.02,13.85,11.27,11.41,11.03
2024-08-19T14:38-04:00,11.02,13.85,11.3,11.44,11.03
2024-08-19T15:09-04:00,11.02,13.85,11.3,11.4,11.03
2024-08-19T15:35-04:00,11.03,13.85,11.33,11.41,11.04
2024-08-19T16:11-04:00,11.05,13.85,11.41,11.51,11.05
2024-08-19T16:33-04:00,11.04,13.85,11.39,11.45,11.05
2024-08-19T17:10-04:00,11.05,13.85,11.3,11.46,11.06
2024-08-19T17:34-04:00,11.04,13.85,11.3,11.46,11.06
2024-08-19T18:11-04:00,11.04,13.85,11.3,11.37,11.05
2024-08-19T18:36-04:00,11.03,13.85,11.25,11.35,11.04
2024-08-19T19:12-04:00,11.03,13.85,11.25,11.37,11.04
2024-08-19T19:34-04:00,11.02,13.85,11.27,11.38,11.05
2024-08-19T20:51-04:00,11.03,13.85,11.3,11.45,11.05
2024-08-19T22:01-04:00,11.03,13.85,11.3,11.44,11.05
2024-08-19T22:48-04:00,11.03,13.85,11.3,11.51,11.04
2024-08-19T23:13-04:00,11.03,13.85,11.4,11.59,11.04
2024-08-19T23:36-04:00,11.04,13.85,11.5,11.62,11.04
2024-08-20T00:14-04:00,11.03,13.85,11.4,11.6,11.04
2024-08-20T00:39-04:00,11.03,13.85,11.5,11.63,11.04
2024-08-20T01:10-04:00,11.03,13.85,11.5,11.63,11.04
2024-08-20T01:35-04:00,11.03,13.85,11.54,11.64,11.04
2024-08-20T02:15-04:00,11.04,13.85,11.59,11.67,11.04
2024-08-20T02:40-04:00,11.04,13.85,11.6,11.66,11.04
2024-08-20T03:11-04:00,11.04,13.85,11.61,11.67,11.04
2024-08-20T03:33-04:00,11.04,13.85,11.61,11.67,11.04
2024-08-20T04:15-04:00,11.04,13.85,11.61,11.66,11.04
2024-08-20T04:37-04:00,11.04,13.85,11.62,11.67,11.04
2024-08-20T05:12-04:00,11.03,13.85,11.61,11.66,11.04
2024-08-20T05:34-04:00,11.03,13.85,11.61,11.66,11.04
2024-08-20T06:12-04:00,11.03,13.85,11.5,11.62,11.04
2024-08-20T06:37-04:00,11.03,13.85,11.5,11.58,11.04
2024-08-20T07:10-04:00,11.02,13.85,11.4,11.55,11.05
2024-08-20T07:35-04:00,11.03,13.85,11.4,11.56,11.04
2024-08-20T08:21-04:00,11.02,13.85,11.49,11.59,11.04
2024-08-20T08:52-04:00,11.04,13.85,11.5,11.49,11.06
2024-08-20T09:15-04:00,11.04,13.85,11.38,11.43,11.04
2024-08-20T09:33-04:00,11.03,13.85,11.3,11.41,11.04
2024-08-20T10:10-04:00,11.04,13.85,11.36,11.39,11.04
2024-08-20T10:35-04:00,11.03,13.85,11.3,11.38,11.04
2024-08-20T11:11-04:00,11.03,13.85,11.2,11.34,11.04
2024-08-20T11:34-04:00,11.03,13.85,11.2,11.35,11.04
2024-08-20T12:12-04:00,11.02,13.85,11.2,11.33,11.04
2024-08-20T12:38-04:00,11.04,13.85,11.21,11.36,11.04
2024-08-20T13:10-04:00,11.01,13.85,11.2,11.38,11.03
2024-08-20T13:33-04:00,11.02,13.85,11.21,11.41,11.04
2024-08-20T14:14-04:00,11.03,13.85,11.2,11.36,11.04
2024-08-20T14:38-04:00,11.03,13.85,11.2,11.36,11.03
2024-08-20T15:08-04:00,11.03,13.85,11.2,11.4,11.04
2024-08-20T15:34-04:00,11.03,13.85,11.2,11.42,11.04
2024-08-20T16:12-04:00,11.03,13.85,11.25,11.47,11.04
2024-08-20T16:35-04:00,11.03,13.85,11.25,11.52,11.04
2024-08-20T17:11-04:00,11.03,13.85,11.32,11.54,11.05
2024-08-20T17:33-04:00,11.04,13.85,11.32,11.51,11.06
2024-08-20T18:09-04:00,11.03,13.85,11.22,11.55,11.04
2024-08-20T18:34-04:00,11.03,13.85,11.2,11.48,11.04
2024-08-20T19:12-04:00,11.03,13.85,11.29,11.46,11.05
2024-08-20T19:33-04:00,11.03,13.85,11.29,11.47,11.05
2024-08-20T20:51-04:00,11.04,13.85,11.25,11.5,11.05
2024-08-20T22:01-04:00,11.04,13.85,11.25,11.6,11.05
2024-08-20T22:47-04:00,11.02,13.85,11.25,11.53,11.05
2024-08-20T23:12-04:00,11.03,13.85,11.38,11.54,11.05
2024-08-20T23:35-04:00,11.04,13.85,11.49,11.62,11.05
2024-08-21T00:14-04:00,11.04,13.85,11.5,11.63,11.05
2024-08-21T00:37-04:00,11.04,13.85,11.5,11.64,11.05
2024-08-21T01:10-04:00,11.04,13.85,11.5,11.64,11.05
2024-08-21T01:35-04:00,11.05,13.85,11.59,11.64,11.05
2024-08-21T02:15-04:00,11.05,13.85,11.59,11.64,11.05
2024-08-21T02:39-04:00,11.05,13.85,11.59,11.65,11.05
2024-08-21T03:10-04:00,11.05,13.85,11.54,11.65,11.05
2024-08-21T03:35-04:00,11.05,13.85,11.59,11.68,11.06
2024-08-21T04:14-04:00,11.04,13.85,11.59,11.68,11.06
2024-08-21T04:38-04:00,11.04,13.85,11.6,11.68,11.06
2024-08-21T05:12-04:00,11.04,13.85,11.6,11.69,11.06
2024-08-21T05:34-04:00,11.04,13.85,11.59,11.67,11.06
2024-08-21T06:11-04:00,11.04,13.85,11.5,11.63,11.06
2024-08-21T06:36-04:00,11.03,13.85,11.5,11.58,11.05
2024-08-21T07:09-04:00,11.04,13.85,11.54,11.59,11.05
2024-08-21T07:35-04:00,11.04,13.85,11.5,11.57,11.05
2024-08-21T08:19-04:00,11.04,13.85,11.5,11.55,11.05
2024-08-21T08:48-04:00,11.03,13.85,11.49,11.44,11.04
2024-08-21T09:14-04:00,11.03,13.85,11.34,11.43,11.04
2024-08-21T09:35-04:00,11.03,13.85,11.38,11.45,11.04
2024-08-21T10:11-04:00,11.03,13.85,11.2,11.39,11.04
2024-08-21T10:36-04:00,11.03,13.85,11.12,11.35,11.04
2024-08-21T11:10-04:00,11.02,13.85,11.1,11.3,11.03
2024-08-21T11:34-04:00,11.02,13.85,11.11,11.33,11.03
2024-08-21T12:14-04:00,11.02,13.85,11.1,11.33,11.03
2024-08-21T12:40-04:00,11.02,13.85,11.12,11.32,11.03
2024-08-21T13:10-04:00,11.02,13.85,11.12,11.34,11.03
2024-08-21T13:33-04:00,11.03,13.85,11.12,11.35,11.03
2024-08-21T14:14-04:00,11.01,13.85,11.1,11.32,11.03
2024-08-21T14:38-04:00,11.03,13.85,11.12,11.31,11.03
2024-08-21T15:10-04:00,11.03,13.85,11.15,11.29,11.04
2024-08-21T15:34-04:00,11.02,13.85,11.15,11.31,11.03
2024-08-21T16:11-04:00,11.02,13.85,11.16,11.27,11.04
2024-08-21T16:36-04:00,11.03,13.85,11.15,11.31,11.04
2024-08-21T17:10-04:00,11.02,13.85,11.15,11.32,11.03
2024-08-21T17:33-04:00,11.01,13.85,11.15,11.32,11.03
2024-08-21T18:10-04:00,11.01,13.85,11.19,11.35,11.03
2024-08-21T18:35-04:00,11.02,13.85,11.2,11.37,11.03
2024-08-21T19:11-04:00,11.02,13.85,11.19,11.36,11.03
2024-08-21T19:35-04:00,11.03,13.85,11.35,11.4,11.04
2024-08-21T20:52-04:00,11.03,13.84,11.26,11.31,11.04
2024-08-21T22:03-04:00,11.03,13.84,11.22,11.28,11.03
2024-08-21T22:48-04:00,11.02,13.84,11.21,11.3,11.03
2024-08-21T23:12-04:00,11.02,13.84,11.2,11.35,11.03
2024-08-21T23:35-04:00,11.03,13.84,11.22,11.43,11.03
2024-08-22T00:13-04:00,11.03,13.84,11.35,11.43,11.03
2024-08-22T00:36-04:00,11.03,13.84,11.49,11.44,11.03
2024-08-22T01:10-04:00,11.03,13.84,11.49,11.45,11.04
2024-08-22T01:35-04:00,11.03,13.84,11.49,11.45,11.03
2024-08-22T02:15-04:00,11.03,13.84,11.49,11.48,11.04
2024-08-22T02:40-04:00,11.03,13.84,11.49,11.47,11.03
2024-08-22T03:11-04:00,11.03,13.84,11.49,11.48,11.03
2024-08-22T03:34-04:00,11.03,13.84,11.5,11.48,11.04
2024-08-22T04:13-04:00,11.03,13.84,11.5,11.48,11.04
2024-08-22T04:37-04:00,11.03,13.84,11.49,11.48,11.04
2024-08-22T05:11-04:00,11.03,13.84,11.49,11.48,11.03
2024-08-22T05:33-04:00,11.03,13.84,11.49,11.48,11.03
2024-08-22T06:12-04:00,11.02,13.84,11.32,11.41,11.03
2024-08-22T06:39-04:00,11.02,13.84,11.23,11.39,11.03
2024-08-22T07:09-04:00,11.02,13.84,11.2,11.38,11.03
2024-08-22T07:35-04:00,11.01,13.84,11.18,11.37,11.03
2024-08-22T08:20-04:00,11.01,13.84,11.12,11.33,11.03
2024-08-22T08:52-04:00,11.0,13.84,11.1,11.34,11.01
2024-08-22T09:15-04:00,11.01,13.84,11.1,11.35,11.02
2024-08-22T09:33-04:00,11.01,13.84,11.1,11.33,11.02
2024-08-22T10:10-04:00,11.01,13.84,11.15,11.34,11.02
2024-08-22T10:36-04:00,11.02,13.84,11.18,11.25,11.03
2024-08-22T11:13-04:00,11.01,13.84,11.11,11.24,11.02
2024-08-22T11:36-04:00,11.01,13.84,11.1,11.25,11.02
2024-08-22T12:13-04:00,11.0,13.84,11.1,11.28,11.01
2024-08-22T12:42-04:00,11.01,13.84,11.15,11.27,11.02
2024-08-22T13:10-04:00,10.98,13.84,11.11,11.23,11.02
2024-08-22T13:34-04:00,11.0,13.84,11.1,11.23,11.02
2024-08-22T14:14-04:00,11.01,13.84,11.09,11.24,11.02
2024-08-22T14:38-04:00,11.0,13.84,11.09,11.27,11.02
2024-08-22T15:09-04:00,11.0,13.84,11.06,11.21,11.01
2024-08-22T15:35-04:00,11.0,13.84,11.07,11.23,11.01
2024-08-22T16:12-04:00,11.0,13.84,11.05,11.18,11.01
2024-08-22T16:33-04:00,11.0,13.84,11.07,11.18,11.01
2024-08-22T17:12-04:00,10.98,13.84,11.05,11.17,10.99
2024-08-22T17:35-04:00,10.96,13.84,11.05,11.17,10.98
2024-08-22T18:11-04:00,10.98,13.84,11.05,11.19,10.98
2024-08-22T18:37-04:00,10.94,13.84,11.05,11.18,10.98
2024-08-22T19:10-04:00,10.96,13.84,11.05,11.17,10.97
2024-08-22T19:34-04:00,10.96,13.84,11.05,11.17,10.97
2024-08-22T20:51-04:00,10.92,13.84,11.05,11.19,10.93
2024-08-22T22:02-04:00,10.79,13.84,11.05,11.18,10.79
2024-08-22T22:48-04:00,10.84,13.84,11.14,11.31,10.86
2024-08-22T23:12-04:00,10.86,13.84,11.15,11.31,10.87
2024-08-22T23:35-04:00,10.85,13.84,11.13,11.3,10.89
2024-08-23T00:13-04:00,10.85,13.84,11.18,11.35,10.85
2024-08-23T00:37-04:00,10.85,13.84,11.2,11.36,10.93
2024-08-23T01:11-04:00,10.85,13.84,11.2,11.36,10.94
2024-08-23T01:35-04:00,10.86,13.84,11.18,11.36,10.94
2024-08-23T02:15-04:00,10.85,13.84,11.2,11.36,10.94
2024-08-23T02:39-04:00,10.85,13.84,11.2,11.36,10.98
2024-08-23T03:11-04:00,10.85,13.84,11.2,11.36,10.98
2024-08-23T03:35-04:00,10.86,13.84,11.2,11.36,10.98
2024-08-23T04:14-04:00,10.85,13.84,11.2,11.39,10.98
2024-08-23T04:38-04:00,10.85,13.84,11.2,11.39,10.98
2024-08-23T05:11-04:00,10.92,13.84,11.2,11.39,10.98
2024-08-23T05:33-04:00,10.92,13.84,11.2,11.39,10.94
2024-08-23T06:11-04:00,10.92,13.84,11.18,11.39,10.94
2024-08-23T06:36-04:00,10.93,13.84,11.13,11.33,10.94
2024-08-23T07:09-04:00,10.9,13.84,11.1,11.28,10.91
2024-08-23T07:34-04:00,10.87,13.84,11.09,11.27,10.9
2024-08-23T08:20-04:00,10.84,13.84,11.05,11.19,10.85
2024-08-23T08:52-04:00,10.83,13.84,11.05,11.18,10.83
2024-08-23T09:14-04:00,10.85,13.84,11.05,11.22,10.86
2024-08-23T09:33-04:00,10.87,13.84,11.05,11.25,10.87
2024-08-23T10:11-04:00,10.85,13.84,11.07,11.3,10.9
2024-08-23T10:36-04:00,10.87,13.84,11.05,11.27,10.9
2024-08-23T11:12-04:00,10.87,13.84,11.05,11.21,10.89
2024-08-23T11:37-04:00,10.86,13.84,11.02,11.11,10.88
2024-08-23T12:14-04:00,10.86,13.84,11.03,11.15,10.87
2024-08-23T12:40-04:00,10.87,13.84,11.03,11.16,10.87
2024-08-23T13:09-04:00,10.85,13.84,11.03,11.17,10.87
2024-08-23T13:35-04:00,10.85,13.84,11.01,11.14,10.87
2024-08-23T14:14-04:00,10.85,13.84,11.02,11.16,10.87
2024-08-23T14:38-04:00,10.85,13.84,11.03,11.15,10.87
2024-08-23T15:08-04:00,10.86,13.84,11.03,11.16,10.87
2024-08-23T15:33-04:00,10.87,13.84,11.04,11.18,10.87
2024-08-23T16:12-04:00,10.86,13.84,11.02,11.18,10.86
2024-08-23T16:33-04:00,10.84,13.84,11.01,11.18,10.87
2024-08-23T17:10-04:00,10.84,13.84,11.02,11.16,10.86
2024-08-23T17:34-04:00,10.86,13.84,11.01,11.16,10.86
2024-08-23T18:10-04:00,10.84,13.84,11.0,11.16,10.85
2024-08-23T18:35-04:00,10.84,13.84,11.02,11.16,10.85
2024-08-23T19:10-04:00,10.84,13.84,11.02,11.18,10.85
2024-08-23T19:34-04:00,10.84,13.84,11.02,11.18,10.85
2024-08-23T20:50-04:00,10.84,13.84,11.04,11.19,10.85
2024-08-23T22:01-04:00,10.83,13.84,11.02,11.17,10.83
2024-08-23T22:47-04:00,10.83,13.84,11.05,11.2,10.83
2024-08-23T23:11-04:00,10.82,13.84,11.05,11.19,10.83
2024-08-23T23:34-04:00,10.83,13.84,11.05,11.21,10.83
2024-08-24T00:13-04:00,10.83,13.84,11.05,11.22,10.84
2024-08-24T00:36-04:00,10.82,13.84,11.07,11.25,10.84
2024-08-24T01:09-04:00,10.82,13.84,11.1,11.25,10.84
2024-08-24T01:37-04:00,10.82,13.84,11.05,11.25,10.84
2024-08-24T02:14-04:00,10.83,13.84,11.09,11.26,10.83
2024-08-24T02:38-04:00,10.83,13.84,11.1,11.27,10.83
2024-08-24T03:09-04:00,10.83,13.84,11.1,11.27,10.83
2024-08-24T03:33-04:00,10.83,13.84,11.1,11.27,10.84
2024-08-24T04:12-04:00,10.83,13.84,11.1,11.27,10.84
2024-08-24T04:35-04:00,10.83,13.84,11.1,11.27,10.84
2024-08-24T05:10-04:00,10.83,13.84,11.1,11.27,10.83
2024-08-24T05:33-04:00,10.83,13.84,11.1,11.28,10.83
2024-08-24T06:10-04:00,10.83,13.84,11.1,11.27,10.85
2024-08-24T06:35-04:00,10.83,13.84,11.12,11.27,10.85
2024-08-24T07:08-04:00,10.83,13.84,11.1,11.28,10.84
2024-08-24T07:35-04:00,10.83,13.84,11.1,11.27,10.84
2024-08-24T08:18-04:00,10.81,13.84,11.04,11.19,10.82
2024-08-24T08:50-04:00,10.78,13.84,11.01,11.16,10.79
2024-08-24T09:12-04:00,10.75,13.84,11.0,11.13,10.77
2024-08-24T09:33-04:00,10.76,13.84,11.0,11.1,10.77
2024-08-24T10:10-04:00,10.75,13.84,11.0,11.15,10.76
2024-08-24T10:34-04:00,10.75,13.84,11.03,11.16,10.77
2024-08-24T11:10-04:00,10.79,13.84,11.1,11.22,10.83
2024-08-24T11:33-04:00,10.82,13.84,11.05,11.15,10.83
2024-08-24T12:12-04:00,10.83,13.84,11.08,11.16,10.84
2024-08-24T12:38-04:00,10.84,13.84,11.1,11.19,10.85
2024-08-24T13:10-04:00,10.81,13.84,11.05,11.21,10.84
2024-08-24T13:33-04:00,10.84,13.84,11.09,11.23,10.84
2024-08-24T14:13-04:00,10.84,13.84,11.05,11.16,10.85
2024-08-24T14:36-04:00,10.82,13.84,11.04,11.13,10.84
2024-08-24T15:07-04:00,10.84,13.84,11.05,11.16,10.86
2024-08-24T15:33-04:00,10.82,13.84,11.03,11.11,10.85
2024-08-24T16:11-04:00,10.82,13.84,11.0,11.1,10.82
2024-08-24T16:33-04:00,10.81,13.84,11.0,11.11,10.83
2024-08-24T17:09-04:00,10.8,13.84,11.0,11.1,10.81
2024-08-24T17:35-04:00,10.78,13.84,11.0,11.07,10.8
2024-08-24T18:09-04:00,10.77,13.84,11.0,11.08,10.78
2024-08-24T18:34-04:00,10.71,13.84,11.0,11.07,10.77
2024-08-24T19:10-04:00,10.75,13.84,11.0,11.07,10.78
2024-08-24T19:33-04:00,10.75,13.84,11.0,11.09,10.75
2024-08-24T20:55-04:00,10.75,13.84,11.0,11.13,10.77
2024-08-24T22:09-04:00,10.77,13.84,11.04,11.19,10.79
2024-08-24T22:51-04:00,10.79,13.84,11.04,11.24,10.8
2024-08-24T23:11-04:00,10.8,13.84,11.05,11.22,10.8
2024-08-24T23:35-04:00,10.79,13.84,11.05,11.22,10.81
2024-08-25T00:13-04:00,10.79,13.84,11.05,11.22,10.82
2024-08-25T00:37-04:00,10.81,13.84,11.05,11.22,10.82
2024-08-25T01:12-04:00,10.79,13.84,11.05,11.21,10.82
2024-08-25T01:36-04:00,10.79,13.84,11.05,11.21,10.82
2024-08-25T02:14-04:00,10.79,13.84,11.05,11.24,10.82
2024-08-25T02:38-04:00,10.72,13.84,11.07,11.25,10.82
2024-08-25T03:10-04:00,10.79,13.84,11.05,11.24,10.82
2024-08-25T03:35-04:00,10.8,13.84,11.08,11.25,10.82
2024-08-25T04:13-04:00,10.8,13.84,11.07,11.26,10.82
2024-08-25T04:36-04:00,10.8,13.84,11.05,11.25,10.82
2024-08-25T05:10-04:00,10.8,13.84,11.05,11.25,10.82
2024-08-25T05:33-04:00,10.79,13.84,11.05,11.24,10.8
2024-08-25T06:11-04:00,10.78,13.84,11.05,11.24,10.82
2024-08-25T06:36-04:00,10.79,13.84,11.05,11.26,10.82
2024-08-25T07:10-04:00,10.8,13.84,11.05,11.24,10.82
2024-08-25T07:33-04:00,10.8,13.84,11.05,11.25,10.8
2024-08-25T08:18-04:00,10.8,13.84,11.04,11.2,10.8
2024-08-25T08:49-04:00,10.79,13.84,11.02,11.16,10.8
2024-08-25T09:11-04:00,10.79,13.84,11.0,11.15,10.79
2024-08-25T09:33-04:00,10.72,13.84,11.0,11.14,10.79
2024-08-25T10:09-04:00,10.76,13.84,11.0,11.17,10.78
2024-08-25T10:33-04:00,10.75,13.84,11.0,11.17,10.78
2024-08-25T11:10-04:00,10.75,13.84,11.0,11.14,10.75
2024-08-25T11:34-04:00,10.74,13.84,11.0,11.1,10.75
2024-08-25T12:12-04:00,10.73,13.84,11.0,11.13,10.76
2024-08-25T12:37-04:00,10.73,13.84,11.0,11.13,10.75
2024-08-25T13:11-04:00,10.74,13.84,11.0,11.11,10.75
2024-08-25T13:36-04:00,10.74,13.84,11.0,11.12,10.75
2024-08-25T14:12-04:00,10.74,13.84,11.0,11.14,10.75
2024-08-25T14:36-04:00,10.73,13.84,10.99,11.1,10.74
2024-08-25T15:09-04:00,10.75,13.84,11.0,11.13,10.76
2024-08-25T15:33-04:00,10.74,13.84,11.0,11.15,10.75
2024-08-25T16:12-04:00,10.74,13.84,11.0,11.14,10.75
2024-08-25T16:34-04:00,10.74,13.84,11.0,11.14,10.75
2024-08-25T17:09-04:00,10.75,13.84,11.0,11.12,10.75
2024-08-25T17:35-04:00,10.73,13.84,11.0,11.08,10.74
2024-08-25T18:10-04:00,10.73,13.84,11.0,11.17,10.75
2024-08-25T18:35-04:00,10.73,13.84,11.0,11.16,10.75
2024-08-25T19:11-04:00,10.74,13.84,11.0,11.17,10.75
2024-08-25T19:34-04:00,10.74,13.84,11.0,11.15,10.76
2024-08-25T20:52-04:00,10.8,13.84,11.05,11.23,10.82
2024-08-25T22:03-04:00,10.82,13.84,11.05,11.19,10.82
2024-08-25T22:48-04:00,10.82,13.84,11.04,11.14,10.82
2024-08-25T23:14-04:00,10.82,13.84,11.05,11.18,10.84
2024-08-25T23:37-04:00,10.82,13.84,11.05,11.17,10.84
2024-08-26T00:14-04:00,10.82,13.84,11.2,11.22,10.85
2024-08-26T00:38-04:00,10.82,13.84,11.25,11.23,10.85
2024-08-26T01:11-04:00,10.82,13.84,11.25,11.23,10.85
2024-08-26T01:36-04:00,10.82,13.84,11.25,11.23,10.85
2024-08-26T02:16-04:00,10.82,13.84,11.25,11.24,10.86
2024-08-26T02:40-04:00,10.82,13.84,11.25,11.26,10.86
2024-08-26T03:11-04:00,10.82,13.84,11.35,11.27,10.85
2024-08-26T03:34-04:00,10.82,13.84,11.3,11.27,10.85
2024-08-26T04:15-04:00,10.82,13.84,11.25,11.26,10.85
2024-08-26T04:38-04:00,10.82,13.84,11.25,11.26,10.85
2024-08-26T05:11-04:00,10.82,13.84,11.25,11.25,10.85
2024-08-26T05:34-04:00,10.82,13.84,11.25,11.25,10.85
2024-08-26T06:12-04:00,10.82,13.84,11.25,11.23,10.85
2024-08-26T06:38-04:00,10.82,13.84,11.2,11.2,10.84
2024-08-26T07:09-04:00,10.8,13.84,11.08,11.18,10.81
2024-08-26T07:34-04:00,10.79,13.84,11.05,11.17,10.81
2024-08-26T08:20-04:00,10.8,13.84,11.04,11.15,10.81
2024-08-26T08:53-04:00,10.78,13.84,11.0,11.17,10.8
2024-08-26T09:17-04:00,10.77,13.84,11.0,11.15,10.79
2024-08-26T09:36-04:00,10.77,13.84,11.0,11.15,10.78
2024-08-26T10:10-04:00,10.75,13.84,10.98,11.13,10.77
2024-08-26T10:35-04:00,10.75,13.84,11.0,11.15,10.77
2024-08-26T11:11-04:00,10.75,13.84,11.0,11.13,10.76
2024-08-26T11:33-04:00,10.75,13.84,11.0,11.15,10.77
2024-08-26T12:14-04:00,10.77,13.84,11.0,11.16,10.78
2024-08-26T12:40-04:00,10.77,13.84,11.0,11.17,10.78
2024-08-26T13:10-04:00,10.78,13.84,11.0,11.1,10.8
2024-08-26T13:34-04:00,10.73,13.84,10.98,11.09,10.78
2024-08-26T14:14-04:00,10.78,13.84,10.98,11.08,10.79
2024-08-26T14:38-04:00,10.77,13.84,10.86,11.06,10.78
2024-08-26T15:10-04:00,10.76,13.84,10.88,11.06,10.77
2024-08-26T15:33-04:00,10.76,13.84,10.89,11.05,10.77
2024-08-26T16:12-04:00,10.76,13.84,11.0,11.08,10.77
2024-08-26T16:34-04:00,10.76,13.84,11.0,11.08,10.77
2024-08-26T17:10-04:00,10.76,13.84,10.9,11.09,10.76
2024-08-26T17:33-04:00,10.76,13.84,10.99,11.09,10.77
2024-08-26T18:11-04:00,10.77,13.84,11.0,11.09,10.78
2024-08-26T18:36-04:00,10.77,13.84,11.0,11.05,10.78
2024-08-26T19:11-04:00,10.76,13.84,10.9,11.03,10.78
2024-08-26T19:33-04:00,10.75,13.84,10.89,11.02,10.77
2024-08-26T20:52-04:00,10.76,13.84,10.9,11.02,10.77
2024-08-26T22:04-04:00,10.75,13.84,10.9,11.02,10.76
2024-08-26T22:48-04:00,10.76,13.84,11.0,11.03,10.77
2024-08-26T23:17-04:00,10.76,13.84,11.0,11.02,10.77
2024-08-26T23:35-04:00,10.75,13.84,10.9,10.99,10.77
2024-08-27T00:15-04:00,10.76,13.84,10.93,11.0,10.76
2024-08-27T00:38-04:00,10.76,13.84,11.0,11.01,10.77
2024-08-27T01:11-04:00,10.76,13.84,11.0,11.06,10.77
2024-08-27T01:35-04:00,10.74,13.84,11.0,11.07,10.78
2024-08-27T02:15-04:00,10.76,13.84,11.0,11.06,10.78
2024-08-27T02:40-04:00,10.76,13.84,11.0,11.06,10.76
2024-08-27T03:10-04:00,10.76,13.84,11.0,11.11,10.78
2024-08-27T03:35-04:00,10.76,13.84,11.0,11.11,10.78
2024-08-27T04:14-04:00,10.76,13.84,11.0,11.11,10.78
2024-08-27T04:38-04:00,10.76,13.84,11.0,11.1,10.78
2024-08-27T05:11-04:00,10.76,13.84,11.0,11.09,10.78
2024-08-27T05:33-04:00,10.75,13.84,11.0,11.1,10.78
2024-08-27T06:11-04:00,10.75,13.84,11.0,11.1,10.77
2024-08-27T06:36-04:00,10.75,13.84,11.0,11.06,10.75
2024-08-27T07:10-04:00,10.73,13.84,10.97,11.04,10.75
2024-08-27T07:34-04:00,10.74,13.84,10.9,11.03,10.75
2024-08-27T08:20-04:00,10.74,13.84,10.85,10.98,10.74
2024-08-27T08:53-04:00,10.74,13.84,10.85,11.0,10.74
2024-08-27T09:15-04:00,10.74,13.84,10.85,10.96,10.75
2024-08-27T09:34-04:00,10.74,13.84,10.85,10.97,10.75
2024-08-27T10:10-04:00,10.74,13.84,10.85,11.0,10.74
2024-08-27T10:36-04:00,10.74,13.84,10.85,10.97,10.74
2024-08-27T11:11-04:00,10.74,13.84,10.85,11.01,10.74
2024-08-27T11:35-04:00,10.74,13.84,11.0,11.07,10.74
2024-08-27T12:13-04:00,10.79,13.84,11.1,11.25,10.8
2024-08-27T12:39-04:00,10.77,13.84,11.03,11.22,10.8
2024-08-27T13:09-04:00,10.79,13.84,11.04,11.21,10.8
2024-08-27T13:34-04:00,10.79,13.84,11.0,11.2,10.8
2024-08-27T14:14-04:00,10.8,13.84,11.04,11.22,10.8
2024-08-27T14:39-04:00,10.79,13.84,11.06,11.23,10.81
2024-08-27T15:08-04:00,10.8,13.84,11.25,11.27,10.84
2024-08-27T15:35-04:00,10.8,13.84,11.25,11.38,10.85
2024-08-27T16:12-04:00,10.85,13.84,11.25,11.33,10.9
2024-08-27T16:34-04:00,10.9,13.84,11.25,11.25,10.92
2024-08-27T17:09-04:00,10.98,13.84,11.4,11.32,10.99
2024-08-27T17:33-04:00,10.9,13.84,11.09,11.24,10.96
2024-08-27T18:10-04:00,10.86,13.84,11.0,11.14,10.88
2024-08-27T18:37-04:00,10.84,13.84,11.0,11.13,10.86
2024-08-27T19:11-04:00,10.84,13.84,11.0,11.17,10.85
2024-08-27T19:33-04:00,10.83,13.84,11.0,11.2,10.84
2024-08-27T20:53-04:00,10.83,13.84,11.0,11.3,10.85
2024-08-27T22:05-04:00,10.75,13.84,11.0,11.37,10.84
2024-08-27T22:49-04:00,10.84,13.84,11.0,11.24,10.85
2024-08-27T23:12-04:00,10.84,13.84,11.0,11.22,10.85
2024-08-27T23:36-04:00,10.82,13.84,11.0,11.23,10.85
2024-08-28T00:14-04:00,10.82,13.84,11.01,11.27,10.85
2024-08-28T00:37-04:00,10.82,13.84,11.01,11.27,10.85
2024-08-28T01:11-04:00,10.82,13.84,11.04,11.25,10.84
2024-08-28T01:36-04:00,10.83,13.84,11.13,11.29,10.87
2024-08-28T02:15-04:00,10.84,13.84,11.19,11.29,10.87
2024-08-28T02:40-04:00,10.84,13.84,11.12,11.28,10.87
2024-08-28T03:10-04:00,10.84,13.84,11.13,11.28,10.87
2024-08-28T03:34-04:00,10.84,13.84,11.13,11.31,10.87
2024-08-28T04:14-04:00,10.84,13.84,11.13,11.33,10.87
2024-08-28T04:38-04:00,10.84,13.84,11.2,11.33,10.84
2024-08-28T05:12-04:00,10.84,13.84,11.12,11.31,10.87
2024-08-28T05:34-04:00,10.83,13.84,11.1,11.26,10.87
2024-08-28T06:11-04:00,10.84,13.84,11.04,11.28,10.84
2024-08-28T06:36-04:00,10.84,13.84,11.0,11.28,10.84
2024-08-28T07:09-04:00,10.84,13.84,11.02,11.28,10.84
2024-08-28T07:34-04:00,10.85,13.84,11.0,11.23,10.85
2024-08-28T08:21-04:00,10.86,13.84,11.07,11.3,10.87
2024-08-28T08:54-04:00,10.87,13.84,11.12,11.44,10.88
2024-08-28T09:16-04:00,10.86,13.84,11.02,11.41,10.88
2024-08-28T09:34-04:00,10.84,13.84,11.0,11.4,10.86
2024-08-28T10:10-04:00,10.87,13.84,11.05,11.42,10.89
2024-08-28T10:36-04:00,10.88,13.84,11.04,11.39,10.88
2024-08-28T11:11-04:00,10.87,13.84,11.04,11.49,10.89
2024-08-28T11:35-04:00,10.87,13.84,11.0,11.43,10.88
2024-08-28T12:14-04:00,10.88,13.84,11.04,11.42,10.9
2024-08-28T12:42-04:00,10.89,13.84,11.01,11.33,10.9
2024-08-28T13:09-04:00,10.88,13.84,11.0,11.29,10.9
2024-08-28T13:36-04:00,10.87,13.84,11.0,11.29,10.89
2024-08-28T14:14-04:00,10.9,13.84,11.0,11.31,10.9
2024-08-28T14:39-04:00,10.88,13.84,11.0,11.28,10.89
2024-08-28T15:09-04:00,10.87,13.84,11.0,11.29,10.89
2024-08-28T15:34-04:00,10.85,13.84,10.96,11.3,10.87
2024-08-28T16:12-04:00,10.85,13.84,10.99,11.28,10.86
2024-08-28T16:34-04:00,10.85,13.84,11.0,11.34,10.86
2024-08-28T17:11-04:00,10.85,13.84,11.0,11.34,10.86
2024-08-28T17:35-04:00,10.85,13.84,11.0,11.31,10.85
2024-08-28T18:10-04:00,10.84,13.84,11.0,11.25,10.85
2024-08-28T18:35-04:00,10.84,13.84,11.0,11.25,10.86
2024-08-28T19:11-04:00,10.84,13.84,10.99,11.25,10.85
2024-08-28T19:34-04:00,10.84,13.84,11.0,11.3,10.85
2024-08-28T20:53-04:00,10.65,13.84,10.99,11.24,10.85
2024-08-28T22:06-04:00,10.65,13.84,11.07,11.36,10.87
2024-08-28T22:52-04:00,10.65,13.84,11.2,11.44,10.85
2024-08-28T23:12-04:00,10.65,13.84,11.2,11.42,10.87
2024-08-28T23:36-04:00,10.65,13.84,11.25,11.51,10.89
2024-08-29T00:13-04:00,10.65,13.84,11.22,11.52,10.9
2024-08-29T00:38-04:00,10.65,13.84,11.2,11.48,10.9
2024-08-29T01:11-04:00,10.65,13.84,11.25,11.49,10.89
2024-08-29T01:36-04:00,10.65,13.84,11.25,11.49,10.89
2024-08-29T02:16-04:00,10.65,13.84,11.25,11.49,10.9
2024-08-29T02:41-04:00,10.65,13.84,11.32,11.52,10.9
2024-08-29T03:11-04:00,10.65,13.84,11.32,11.5,10.9
2024-08-29T03:33-04:00,10.65,13.84,11.32,11.5,10.9
2024-08-29T04:15-04:00,10.65,13.84,11.32,11.5,10.9
2024-08-29T04:38-04:00,10.65,13.84,11.32,11.52,10.9
2024-08-29T05:12-04:00,10.65,13.84,11.25,11.49,10.9
2024-08-29T05:35-04:00,10.65,13.84,11.4,11.53,10.9
2024-08-29T06:12-04:00,10.65,13.84,11.24,11.49,10.9
2024-08-29T06:38-04:00,10.65,13.84,11.1,11.42,10.89
2024-08-29T07:10-04:00,10.65,13.84,11.07,11.36,10.88
2024-08-29T07:34-04:00,10.65,13.84,11.1,11.35,10.88
2024-08-29T08:20-04:00,10.65,13.84,11.04,11.31,10.87
2024-08-29T08:54-04:00,10.65,13.84,11.0,11.3,10.87
2024-08-29T09:17-04:00,10.65,13.84,11.03,11.3,10.87
2024-08-29T09:35-04:00,10.65,13.84,11.02,11.29,10.87
2024-08-29T10:12-04:00,10.65,13.84,11.02,11.3,10.88
2024-08-29T10:37-04:00,10.65,13.84,11.04,11.31,10.88
2024-08-29T11:12-04:00,10.65,13.84,11.04,11.27,10.89
2024-08-29T11:35-04:00,10.65,13.84,11.0,11.26,10.88
2024-08-29T12:13-04:00,10.65,13.84,11.03,11.33,10.89
2024-08-29T12:40-04:00,10.65,13.84,11.2,11.38,10.9
2024-08-29T13:09-04:00,10.65,13.84,11.2,11.34,10.88
2024-08-29T13:35-04:00,10.65,13.84,11.18,11.28,10.9
2024-08-29T14:14-04:00,10.65,13.84,11.03,11.27,10.91
2024-08-29T14:39-04:00,10.65,13.84,11.0,11.21,10.9
2024-08-29T15:09-04:00,10.65,13.84,11.0,11.2,10.9
2024-08-29T15:34-04:00,10.65,13.84,11.0,11.23,10.9
2024-08-29T16:11-04:00,10.65,13.84,11.0,11.27,10.9
2024-08-29T16:34-04:00,10.65,13.84,11.02,11.3,10.93
2024-08-29T17:10-04:00,10.65,13.84,11.0,11.28,10.93
2024-08-29T17:34-04:00,10.65,13.84,11.0,11.25,10.93
2024-08-29T18:10-04:00,10.65,13.84,11.0,11.23,10.93
2024-08-29T18:36-04:00,10.65,13.84,11.0,11.28,10.93
2024-08-29T19:11-04:00,10.65,13.84,11.0,11.29,10.92
2024-08-29T19:34-04:00,10.65,13.84,11.0,11.3,10.92
2024-08-29T20:53-04:00,10.65,13.84,11.0,11.23,10.89
2024-08-29T22:07-04:00,10.65,13.84,11.0,11.16,10.9
2024-08-29T22:52-04:00,10.65,13.84,11.0,11.13,10.9
2024-08-29T23:12-04:00,10.65,13.84,11.0,11.14,10.91
2024-08-29T23:36-04:00,10.65,13.84,11.0,11.16,10.91
2024-08-30T00:13-04:00,10.65,13.84,11.0,11.18,10.91
2024-08-30T00:38-04:00,10.65,13.84,11.0,11.18,10.91
2024-08-30T01:11-04:00,10.65,13.84,11.0,11.19,10.91
2024-08-30T01:36-04:00,10.65,13.84,11.1,11.22,10.91
2024-08-30T02:16-04:00,10.65,13.84,11.13,11.24,10.91
2024-08-30T02:41-04:00,10.65,13.84,11.13,11.25,10.91
2024-08-30T03:10-04:00,10.65,13.84,11.16,11.25,10.91
2024-08-30T03:34-04:00,10.65,13.84,11.16,11.25,10.91
2024-08-30T04:15-04:00,10.65,13.84,11.09,11.25,10.91
2024-08-30T04:38-04:00,10.65,13.84,11.09,11.25,10.91
2024-08-30T05:12-04:00,10.65,13.84,11.1,11.26,10.91
2024-08-30T05:35-04:00,10.65,13.84,11.13,11.27,10.91
2024-08-30T06:12-04:00,10.65,13.84,11.1,11.27,10.91
2024-08-30T06:38-04:00,10.65,13.84,11.02,11.22,10.92
2024-08-30T07:11-04:00,10.65,13.84,11.0,11.21,10.91
2024-08-30T07:34-04:00,10.65,13.84,11.0,11.18,10.91
2024-08-30T08:20-04:00,10.65,13.84,11.0,11.12,10.9
2024-08-30T08:53-04:00,10.65,13.84,11.0,11.1,10.88
2024-08-30T09:16-04:00,10.65,13.84,11.0,11.09,10.89
2024-08-30T09:35-04:00,10.65,13.84,11.0,11.1,10.9
2024-08-30T10:10-04:00,10.65,13.84,11.0,11.09,10.89
2024-08-30T10:36-04:00,10.65,13.84,11.0,11.08,10.89
2024-08-30T11:11-04:00,10.65,13.84,11.0,11.08,10.88
2024-08-30T11:33-04:00,10.65,13.84,10.98,11.07,10.87
2024-08-30T12:13-04:00,10.65,13.84,10.96,11.07,10.87
2024-08-30T12:39-04:00,10.65,13.84,10.96,11.05,10.86
2024-08-30T13:11-04:00,10.65,13.84,10.98,11.08,10.87
2024-08-30T13:35-04:00,10.65,13.84,10.98,11.08,10.87
2024-08-30T14:14-04:00,10.65,13.84,11.0,11.1,10.87
2024-08-30T14:40-04:00,10.65,13.84,11.0,11.07,10.87
2024-08-30T15:08-04:00,10.65,13.84,10.95,11.05,10.87
2024-08-30T15:33-04:00,10.65,13.84,10.95,11.05,10.87
2024-08-30T16:12-04:00,10.85,13.84,10.95,11.07,10.86
2024-08-30T16:35-04:00,10.84,13.84,10.93,11.05,10.85
2024-08-30T17:11-04:00,10.85,13.84,10.96,11.11,10.86
2024-08-30T17:33-04:00,10.86,13.84,11.0,11.11,10.86
2024-08-30T18:10-04:00,10.85,13.84,11.0,11.16,10.86
2024-08-30T18:36-04:00,10.84,13.84,10.95,11.13,10.85
2024-08-30T19:12-04:00,10.84,13.84,10.95,11.11,10.85
2024-08-30T19:33-04:00,10.84,13.84,11.0,11.11,10.86
2024-08-30T20:53-04:00,10.84,13.84,10.95,11.09,10.85
2024-08-30T22:05-04:00,10.85,13.84,10.99,11.09,10.86
2024-08-30T22:52-04:00,10.84,13.84,10.99,11.1,10.86
2024-08-30T23:11-04:00,10.85,13.84,11.0,11.1,10.86
2024-08-30T23:35-04:00,10.85,13.84,11.0,11.1,10.86
2024-08-31T00:14-04:00,10.84,13.84,11.0,11.14,10.85
2024-08-31T00:38-04:00,10.84,13.84,11.0,11.19,10.86
2024-08-31T01:10-04:00,10.85,13.84,11.0,11.19,10.86
2024-08-31T01:35-04:00,10.86,13.84,11.01,11.2,10.87
2024-08-31T02:14-04:00,10.84,13.84,11.0,11.19,10.87
2024-08-31T02:39-04:00,10.84,13.84,11.0,11.21,10.87
2024-08-31T03:09-04:00,10.84,13.84,11.0,11.23,10.87
2024-08-31T03:35-04:00,10.84,13.83,11.0,11.21,10.87
2024-08-31T04:13-04:00,10.82,13.83,11.0,11.2,10.87
2024-08-31T04:38-04:00,10.82,13.83,11.0,11.2,10.87
2024-08-31T05:11-04:00,10.83,13.83,11.0,11.2,10.87
2024-08-31T05:33-04:00,10.84,13.83,11.0,11.22,10.87
2024-08-31T06:10-04:00,10.84,13.83,11.0,11.19,10.87
2024-08-31T06:36-04:00,10.84,13.83,11.0,11.16,10.86
2024-08-31T07:08-04:00,10.84,13.83,11.0,11.1,10.86
2024-08-31T07:35-04:00,10.84,13.83,10.99,11.08,10.85
2024-08-31T08:19-04:00,10.84,13.83,10.95,11.05,10.84
2024-08-31T08:51-04:00,10.85,13.83,10.95,11.03,10.86
2024-08-31T09:13-04:00,10.83,13.83,10.93,11.03,10.85
2024-08-31T09:33-04:00,10.83,13.83,10.92,11.02,10.85
2024-08-31T10:09-04:00,10.84,13.83,10.92,11.01,10.85
2024-08-31T10:34-04:00,10.84,13.85,10.9,11.01,10.85
2024-08-31T11:11-04:00,10.83,13.85,10.9,10.99,10.84
2024-08-31T11:36-04:00,10.83,13.85,10.9,10.99,10.84
2024-08-31T12:13-04:00,10.83,13.86,10.9,11.0,10.84
2024-08-31T12:40-04:00,10.84,13.86,10.9,11.02,10.85
2024-08-31T13:09-04:00,10.83,13.86,10.9,11.0,10.84
2024-08-31T13:33-04:00,10.84,13.86,10.9,11.03,10.84
2024-08-31T14:13-04:00,10.81,13.86,10.9,11.02,10.83
2024-08-31T14:37-04:00,10.8,13.86,10.89,11.01,10.81
2024-08-31T15:08-04:00,10.79,13.86,10.89,11.02,10.8
2024-08-31T15:34-04:00,10.75,13.86,10.89,11.03,10.8
2024-08-31T16:12-04:00,10.78,13.86,10.88,11.02,10.79
2024-08-31T16:33-04:00,10.79,13.86,10.89,11.03,10.79
2024-08-31T17:09-04:00,10.78,13.86,10.89,11.03,10.78
2024-08-31T17:34-04:00,10.77,13.86,10.9,11.13,10.79
2024-08-31T18:11-04:00,10.77,13.86,10.88,11.11,10.78
2024-08-31T18:36-04:00,10.76,13.86,10.89,11.08,10.78
2024-08-31T19:10-04:00,10.76,13.86,10.88,11.06,10.77
2024-08-31T19:36-04:00,10.76,13.86,10.89,11.08,10.77
2024-08-31T21:02-04:00,10.76,13.86,10.92,11.12,10.79
2024-08-31T22:38-04:00,10.77,13.86,10.92,11.25,10.78
2024-08-31T23:18-04:00,10.78,13.86,10.93,11.22,10.78
2024-08-31T23:39-04:00,10.78,13.86,10.95,11.29,10.78
2024-09-01T00:14-04:00,10.77,13.86,10.95,11.11,10.78
2024-09-01T00:38-04:00,10.78,13.86,10.95,11.11,10.78
2024-09-01T01:12-04:00,10.78,13.86,10.96,11.13,10.78
2024-09-01T01:36-04:00,10.77,13.86,10.96,11.13,10.78
2024-09-01T02:16-04:00,10.77,13.86,10.96,11.16,10.78
2024-09-01T02:40-04:00,10.77,13.86,10.96,11.18,10.78
2024-09-01T03:09-04:00,10.77,13.86,10.96,11.18,10.78
2024-09-01T03:34-04:00,10.77,13.86,10.96,11.18,10.78
2024-09-01T04:13-04:00,10.77,13.86,10.96,11.18,10.78
2024-09-01T04:36-04:00,10.77,13.86,10.96,11.18,10.78
2024-09-01T05:11-04:00,10.77,13.86,10.96,11.19,10.78
2024-09-01T05:33-04:00,10.77,13.86,10.96,11.19,10.78
2024-09-01T06:10-04:00,10.77,13.86,10.96,11.18,10.78
2024-09-01T06:36-04:00,10.77,13.86,10.96,11.2,10.77
2024-09-01T07:09-04:00,10.77,13.86,10.95,11.19,10.79
2024-09-01T07:34-04:00,10.77,13.86,10.93,11.09,10.78
2024-09-01T08:19-04:00,10.77,13.86,10.93,11.08,10.78
2024-09-01T08:53-04:00,10.76,13.86,10.9,11.07,10.77
2024-09-01T09:15-04:00,10.77,13.86,10.9,11.06,10.77
2024-09-01T09:33-04:00,10.77,13.86,10.9,11.04,10.77
2024-09-01T10:09-04:00,10.75,13.86,10.88,11.02,10.77
2024-09-01T10:34-04:00,10.75,13.86,10.88,11.02,10.76
2024-09-01T11:10-04:00,10.75,13.85,10.88,11.03,10.76
2024-09-01T11:33-04:00,10.74,13.85,10.87,11.03,10.76
2024-09-01T12:13-04:00,10.76,13.85,10.87,11.0,10.76
2024-09-01T12:39-04:00,10.75,13.85,10.87,11.01,10.76
2024-09-01T13:09-04:00,10.73,13.85,10.86,10.99,10.76
2024-09-01T13:33-04:00,10.75,13.86,10.87,11.0,10.76
2024-09-01T14:13-04:00,10.75,13.86,10.86,10.99,10.75
2024-09-01T14:38-04:00,10.73,13.86,10.86,10.99,10.75
2024-09-01T15:08-04:00,10.74,13.86,10.86,11.12,10.75
2024-09-01T15:34-04:00,10.75,13.86,10.86,11.12,10.75
2024-09-01T16:12-04:00,10.74,13.86,10.85,11.11,10.75
2024-09-01T16:33-04:00,10.73,13.86,10.86,11.12,10.74
2024-09-01T17:10-04:00,10.74,13.86,10.86,10.97,10.74
2024-09-01T17:34-04:00,10.73,13.86,10.87,10.97,10.75
2024-09-01T18:11-04:00,10.74,13.86,10.86,11.01,10.75
2024-09-01T18:36-04:00,10.75,13.86,10.87,11.15,10.75
2024-09-01T19:10-04:00,10.74,13.86,10.88,11.15,10.75
2024-09-01T19:35-04:00,10.75,13.86,10.9,11.14,10.75
2024-09-01T20:54-04:00,10.75,13.86,10.9,11.18,10.76
2024-09-01T22:08-04:00,10.77,13.86,10.9,11.12,10.78
2024-09-01T22:55-04:00,10.77,13.86,10.9,11.23,10.78
2024-09-01T23:13-04:00,10.76,13.86,10.9,11.17,10.77
2024-09-01T23:37-04:00,10.77,13.86,10.9,11.22,10.77
2024-09-02T00:14-04:00,10.77,13.86,10.92,11.1,10.77
2024-09-02T00:38-04:00,10.77,13.86,10.94,11.09,10.77
2024-09-02T01:11-04:00,10.78,13.86,10.93,11.1,10.78
2024-09-02T01:36-04:00,10.77,13.86,10.92,11.13,10.78
2024-09-02T02:17-04:00,10.77,13.86,10.93,11.13,10.78
2024-09-02T02:42-04:00,10.77,13.86,10.93,11.13,10.78
2024-09-02T03:11-04:00,10.78,13.86,10.93,11.13,10.78
2024-09-02T03:34-04:00,10.78,13.86,10.92,11.12,10.78
2024-09-02T04:15-04:00,10.77,13.86,10.92,11.1,10.78
2024-09-02T04:39-04:00,10.77,13.86,10.92,11.1,10.78
2024-09-02T05:13-04:00,10.77,13.86,10.92,11.09,10.78
2024-09-02T05:36-04:00,10.75,13.86,10.92,11.09,10.77
2024-09-02T06:12-04:00,10.74,13.86,10.9,11.09,10.75
2024-09-02T06:39-04:00,10.75,13.86,10.9,11.05,10.76
2024-09-02T07:09-04:00,10.74,13.86,10.89,10.98,10.76
2024-09-02T07:36-04:00,10.75,13.86,10.86,10.96,10.75
2024-09-02T08:22-04:00,10.74,13.86,10.87,10.97,10.75
2024-09-02T08:55-04:00,10.73,13.86,10.86,11.02,10.74
2024-09-02T09:17-04:00,10.73,13.86,10.85,11.01,10.74
2024-09-02T09:35-04:00,10.73,13.86,10.86,11.02,10.74
2024-09-02T10:10-04:00,10.73,13.86,10.88,11.0,10.74
2024-09-02T10:36-04:00,10.73,13.85,10.86,11.01,10.74
2024-09-02T11:11-04:00,10.73,13.85,10.86,10.97,10.74
2024-09-02T11:34-04:00,10.72,13.85,10.85,10.98,10.73
2024-09-02T12:14-04:00,10.71,13.85,10.84,10.96,10.72
2024-09-02T12:42-04:00,10.73,13.85,10.86,10.98,10.73
2024-09-02T13:09-04:00,10.73,13.85,10.86,11.0,10.73
2024-09-02T13:33-04:00,10.73,13.85,10.86,10.97,10.73
2024-09-02T14:14-04:00,10.73,13.85,10.86,11.0,10.73
2024-09-02T14:39-04:00,10.72,13.85,10.85,11.01,10.73
2024-09-02T15:09-04:00,10.71,13.85,10.85,11.02,10.73
2024-09-02T15:34-04:00,10.72,13.85,10.84,11.02,10.73
2024-09-02T16:12-04:00,10.72,13.85,10.87,11.03,10.73
2024-09-02T16:35-04:00,10.74,13.85,10.9,11.03,10.74
2024-09-02T17:10-04:00,10.74,13.85,10.9,11.05,10.74
2024-09-02T17:34-04:00,10.74,13.85,10.91,11.03,10.77
2024-09-02T18:11-04:00,10.75,13.85,10.89,11.01,10.76
2024-09-02T18:36-04:00,10.75,13.85,10.88,11.08,10.76
2024-09-02T19:11-04:00,10.73,13.85,10.85,11.02,10.76
2024-09-02T19:35-04:00,10.73,13.85,10.86,10.98,10.76
2024-09-02T20:53-04:00,10.74,13.85,10.88,10.98,10.75
2024-09-02T22:06-04:00,10.74,13.85,10.9,11.03,10.75
2024-09-02T22:51-04:00,10.75,13.85,10.93,11.08,10.76
2024-09-02T23:12-04:00,10.75,13.85,10.96,11.11,10.76
2024-09-02T23:37-04:00,10.73,13.85,10.95,11.06,10.76
2024-09-03T00:13-04:00,10.75,13.85,11.0,11.12,10.76
2024-09-03T00:37-04:00,10.75,13.85,11.0,11.12,10.76
2024-09-03T01:11-04:00,10.75,13.85,11.0,11.11,10.76
2024-09-03T01:36-04:00,10.75,13.85,11.0,11.19,10.76
2024-09-03T02:15-04:00,10.76,13.85,11.0,11.18,10.77
2024-09-03T02:41-04:00,10.76,13.85,11.0,11.18,10.77
2024-09-03T03:11-04:00,10.76,13.85,11.0,11.2,10.77
2024-09-03T03:34-04:00,10.76,13.85,11.0,11.2,10.77
2024-09-03T04:14-04:00,10.76,13.85,11.0,11.19,10.77
2024-09-03T04:39-04:00,10.76,13.85,11.0,11.16,10.77
2024-09-03T05:12-04:00,10.76,13.85,11.0,11.16,10.77
2024-09-03T05:35-04:00,10.76,13.85,11.0,11.17,10.77
2024-09-03T06:12-04:00,10.76,13.85,11.0,11.15,10.77
2024-09-03T06:38-04:00,10.75,13.85,11.0,11.14,10.76
2024-09-03T07:09-04:00,10.74,13.85,10.96,11.12,10.76
2024-09-03T07:34-04:00,10.75,13.85,10.9,11.05,10.75
2024-09-03T08:21-04:00,10.73,13.85,10.88,11.03,10.74
2024-09-03T08:54-04:00,10.72,13.85,10.84,11.01,10.74
2024-09-03T09:17-04:00,10.73,13.85,10.83,11.01,10.73
2024-09-03T09:36-04:00,10.72,13.85,10.83,11.02,10.73
2024-09-03T10:11-04:00,10.73,13.85,10.83,10.99,10.73
2024-09-03T10:36-04:00,10.73,13.85,10.83,10.99,10.73
2024-09-03T11:12-04:00,10.73,13.85,10.85,10.99,10.73
2024-09-03T11:35-04:00,10.71,13.85,10.84,11.01,10.73
2024-09-03T12:15-04:00,10.72,13.85,10.85,10.98,10.73
2024-09-03T12:41-04:00,10.73,13.85,10.85,11.16,10.74
2024-09-03T13:11-04:00,10.73,13.85,10.87,11.11,10.74
2024-09-03T13:35-04:00,10.73,13.85,10.84,11.1,10.74
2024-09-03T14:15-04:00,10.73,13.85,10.85,11.11,10.74
2024-09-03T14:40-04:00,10.73,13.85,10.84,11.11,10.74
2024-09-03T15:09-04:00,10.75,13.85,10.9,11.19,10.75
2024-09-03T15:35-04:00,10.75,13.85,10.96,11.32,10.76
2024-09-03T16:12-04:00,10.75,13.85,10.93,11.16,10.76
2024-09-03T16:35-04:00,10.76,13.85,10.92,11.2,10.77
2024-09-03T17:10-04:00,10.74,13.85,10.93,11.16,10.76
2024-09-03T17:34-04:00,10.73,13.85,10.95,11.17,10.76
2024-09-03T18:11-04:00,10.75,13.85,10.94,11.22,10.76
2024-09-03T18:37-04:00,10.74,13.85,10.9,11.18,10.76
2024-09-03T19:11-04:00,10.73,13.85,10.88,11.17,10.75
2024-09-03T19:34-04:00,10.74,13.85,10.9,11.19,10.75
2024-09-03T20:54-04:00,10.74,13.85,10.92,11.17,10.76
2024-09-03T22:07-04:00,10.74,13.85,10.92,11.14,10.76
2024-09-03T22:52-04:00,10.74,13.85,10.9,11.11,10.76
2024-09-03T23:12-04:00,10.75,13.85,10.93,11.15,10.75
2024-09-03T23:36-04:00,10.74,13.85,10.96,11.19,10.75
2024-09-04T00:14-04:00,10.73,13.85,10.96,11.01,10.75
2024-09-04T00:38-04:00,10.74,13.85,11.0,11.04,10.76
2024-09-04T01:12-04:00,10.74,13.85,11.0,11.06,10.75
2024-09-04T01:37-04:00,10.74,13.85,11.0,11.07,10.75
2024-09-04T02:16-04:00,10.74,13.85,11.0,11.1,10.76
2024-09-04T03:10-04:00,10.75,13.85,11.0,11.23,10.75
2024-09-04T03:35-04:00,10.74,13.85,11.0,11.23,10.75
2024-09-04T04:13-04:00,10.74,13.85,11.0,11.24,10.77
2024-09-04T04:38-04:00,10.74,13.85,11.0,11.24,10.77
2024-09-04T05:12-04:00,10.74,13.85,11.0,11.23,10.75
2024-09-04T05:35-04:00,10.74,13.85,11.0,11.23,10.75
2024-09-04T06:12-04:00,10.74,13.85,11.0,11.19,10.75
2024-09-04T06:38-04:00,10.74,13.85,11.0,11.17,10.75
2024-09-04T07:09-04:00,10.75,13.85,10.93,11.07,10.75
2024-09-04T07:34-04:00,10.75,13.85,10.9,11.05,10.75
2024-09-04T08:21-04:00,10.74,13.85,10.88,11.03,10.75
2024-09-04T08:55-04:00,10.74,13.85,10.86,11.01,10.75
2024-09-04T09:18-04:00,10.74,13.85,10.85,10.99,10.74
2024-09-04T09:37-04:00,10.73,13.85,10.85,10.97,10.74
2024-09-04T10:10-04:00,10.73,13.85,10.84,10.98,10.74
2024-09-04T10:37-04:00,10.73,13.85,10.85,10.98,10.74
2024-09-04T11:11-04:00,10.72,13.85,10.85,11.02,10.75
2024-09-04T11:35-04:00,10.73,13.85,10.86,10.98,10.75
2024-09-04T12:13-04:00,10.74,13.85,10.85,11.0,10.75
2024-09-04T12:40-04:00,10.74,13.85,10.84,10.98,10.75
2024-09-04T13:09-04:00,10.75,13.85,10.85,11.05,10.75
2024-09-04T13:37-04:00,10.75,13.85,10.86,11.06,10.76
2024-09-04T14:13-04:00,10.74,13.85,10.85,10.95,10.76
2024-09-04T14:38-04:00,10.75,13.85,10.85,10.99,10.76
2024-09-04T15:09-04:00,10.74,13.85,10.85,10.95,10.76
2024-09-04T15:34-04:00,10.74,13.85,10.84,10.97,10.76
2024-09-04T16:12-04:00,10.75,13.85,10.84,10.94,10.76
2024-09-04T16:36-04:00,10.74,13.85,10.8,10.9,10.75
2024-09-04T17:10-04:00,10.73,13.85,10.8,10.89,10.74
2024-09-04T17:33-04:00,10.74,13.85,10.8,10.89,10.74
2024-09-04T18:10-04:00,10.73,13.85,10.8,10.92,10.74
2024-09-04T18:36-04:00,10.72,13.85,10.8,10.89,10.73
2024-09-04T19:11-04:00,10.72,13.85,10.8,10.91,10.74
2024-09-04T19:34-04:00,10.72,13.85,10.8,10.91,10.73
2024-09-04T20:54-04:00,10.72,13.85,10.8,10.94,10.74
2024-09-04T22:07-04:00,10.71,13.85,10.82,10.97,10.74
2024-09-04T22:53-04:00,10.74,13.85,10.85,10.97,10.74
2024-09-04T23:12-04:00,10.74,13.85,10.9,11.0,10.74
2024-09-04T23:36-04:00,10.74,13.85,10.9,10.99,10.75
2024-09-05T00:13-04:00,10.73,13.85,10.9,11.03,10.75
2024-09-05T00:38-04:00,10.73,13.85,10.91,11.03,10.75
2024-09-05T01:11-04:00,10.75,13.85,10.91,11.03,10.75
2024-09-05T01:36-04:00,10.75,13.85,10.92,11.03,10.75
2024-09-05T02:15-04:00,10.75,13.85,10.93,11.07,10.75
2024-09-05T02:41-04:00,10.75,13.85,10.93,11.07,10.75
2024-09-05T03:10-04:00,10.75,13.85,10.95,11.08,10.75
2024-09-05T03:33-04:00,10.75,13.85,10.93,11.07,10.75
2024-09-05T04:15-04:00,10.74,13.85,10.92,11.07,10.75
2024-09-05T04:39-04:00,10.74,13.85,10.92,11.07,10.75
2024-09-05T05:12-04:00,10.73,13.85,10.9,11.07,10.75
2024-09-05T05:34-04:00,10.74,13.85,10.9,11.06,10.75
2024-09-05T06:12-04:00,10.73,13.85,10.9,11.03,10.75
2024-09-05T06:38-04:00,10.72,13.85,10.87,10.99,10.73
2024-09-05T07:10-04:00,10.73,13.85,10.85,10.95,10.74
2024-09-05T07:34-04:00,10.73,13.85,10.82,10.95,10.74
2024-09-05T08:21-04:00,10.74,13.85,10.8,10.93,10.74
2024-09-05T08:55-04:00,10.74,13.85,10.8,10.89,10.74
2024-09-05T09:18-04:00,10.73,13.85,10.78,10.88,10.74
2024-09-05T09:36-04:00,10.72,13.85,10.78,10.87,10.73
2024-09-05T10:10-04:00,10.72,13.85,10.78,10.89,10.73
2024-09-05T10:36-04:00,10.72,13.85,10.78,10.89,10.72
2024-09-05T11:11-04:00,10.69,13.85,10.76,10.86,10.71
2024-09-05T11:35-04:00,10.7,13.85,10.76,10.88,10.71
2024-09-05T12:14-04:00,10.69,13.85,10.76,10.88,10.7
2024-09-05T12:41-04:00,10.68,13.85,10.75,10.89,10.69
2024-09-05T13:10-04:00,10.66,13.85,10.74,10.84,10.68
2024-09-05T13:35-04:00,10.65,13.85,10.75,10.86,10.68
2024-09-05T14:14-04:00,10.65,13.85,10.74,10.86,10.65
2024-09-05T14:39-04:00,10.65,13.85,10.75,10.88,10.66
2024-09-05T15:09-04:00,10.64,13.85,10.75,10.86,10.65
2024-09-05T15:33-04:00,10.63,13.85,10.74,10.83,10.64
2024-09-05T16:12-04:00,10.61,13.85,10.74,10.83,10.62
2024-09-05T16:34-04:00,10.57,13.85,10.74,10.8,10.59
2024-09-05T17:10-04:00,10.49,13.85,10.73,10.79,10.5
2024-09-05T17:34-04:00,10.36,13.85,10.72,10.75,10.39
2024-09-05T18:10-04:00,10.32,13.85,10.75,10.83,10.55
2024-09-05T18:36-04:00,10.1,13.85,10.74,10.81,10.56
2024-09-05T19:12-04:00,10.1,13.85,10.75,10.84,10.55
2024-09-05T19:34-04:00,10.1,13.85,10.75,10.82,10.58
2024-09-05T20:53-04:00,10.1,13.82,10.73,10.82,10.54
2024-09-05T22:07-04:00,10.1,13.82,10.75,10.84,10.56
2024-09-05T22:54-04:00,10.1,13.82,10.74,10.81,10.55
2024-09-05T23:13-04:00,10.1,13.82,10.74,10.82,10.55
2024-09-05T23:36-04:00,10.1,13.82,10.74,10.79,10.55
2024-09-06T00:13-04:00,10.1,13.82,10.75,10.79,10.55
2024-09-06T00:37-04:00,10.1,13.82,10.75,10.8,10.55
2024-09-06T01:12-04:00,10.1,13.82,10.75,10.89,10.55
2024-09-06T01:37-04:00,10.1,13.82,10.75,10.88,10.55
2024-09-06T02:16-04:00,10.1,13.82,10.75,10.88,10.55
2024-09-06T02:41-04:00,10.1,13.82,10.75,10.88,10.55
2024-09-06T03:10-04:00,10.1,13.82,10.75,10.88,10.55
2024-09-06T03:34-04:00,10.1,13.82,10.75,10.88,10.55
2024-09-06T04:14-04:00,10.1,13.82,10.75,10.87,10.55
2024-09-06T04:38-04:00,10.1,13.82,10.75,10.87,10.54
2024-09-06T05:11-04:00,10.1,13.82,10.75,10.87,10.54
2024-09-06T05:35-04:00,10.1,13.82,10.75,10.86,10.54
2024-09-06T06:12-04:00,10.1,13.82,10.74,10.83,10.54
2024-09-06T06:38-04:00,10.1,13.82,10.74,10.84,10.53
2024-09-06T07:10-04:00,10.1,13.82,10.74,10.83,10.54
2024-09-06T07:35-04:00,10.1,13.82,10.74,10.84,10.52
2024-09-06T08:20-04:00,10.1,13.82,10.73,10.82,10.51
2024-09-06T08:53-04:00,10.1,13.82,10.74,10.84,10.52
2024-09-06T09:16-04:00,10.49,13.82,10.74,10.76,10.52
2024-09-06T09:38-04:00,10.49,13.82,10.71,10.74,10.51
2024-09-06T10:11-04:00,10.49,13.82,10.71,10.8,10.51
2024-09-06T10:36-04:00,10.49,13.82,10.71,10.77,10.5
2024-09-06T11:12-04:00,10.48,13.82,10.7,10.79,10.49
2024-09-06T11:35-04:00,10.48,13.82,10.7,10.77,10.49
2024-09-06T12:13-04:00,10.45,13.82,10.7,10.76,10.49
2024-09-06T12:43-04:00,10.43,13.82,10.7,10.77,10.5
2024-09-06T13:09-04:00,10.45,13.82,10.7,10.74,10.5
2024-09-06T13:33-04:00,10.45,13.82,10.68,10.72,10.48
2024-09-06T14:15-04:00,10.45,13.81,10.65,10.71,10.46
2024-09-06T14:40-04:00,10.43,13.81,10.64,10.7,10.45
2024-09-06T15:10-04:00,10.42,13.81,10.68,10.71,10.46
2024-09-06T15:34-04:00,10.42,13.81,10.69,10.74,10.46
2024-09-06T16:12-04:00,10.42,13.81,10.7,10.77,10.47
2024-09-06T16:34-04:00,10.42,13.81,10.7,10.77,10.49
2024-09-06T17:10-04:00,10.42,13.81,10.71,10.78,10.49
2024-09-06T17:34-04:00,10.42,13.81,10.7,10.77,10.48
2024-09-06T18:10-04:00,10.42,13.81,10.7,10.82,10.48
2024-09-06T18:38-04:00,10.42,13.81,10.7,10.81,10.48
2024-09-06T19:12-04:00,10.42,13.81,10.68,10.78,10.48
2024-09-06T19:35-04:00,10.42,13.81,10.67,10.76,10.48
2024-09-06T20:53-04:00,10.42,13.81,10.7,10.78,10.48
2024-09-06T22:05-04:00,10.42,13.81,10.68,10.97,10.47
2024-09-06T22:52-04:00,10.42,13.81,10.64,10.95,10.47
2024-09-06T23:12-04:00,10.42,13.81,10.67,10.8,10.47
2024-09-06T23:36-04:00,10.42,13.81,10.69,10.8,10.47
2024-09-07T00:13-04:00,10.42,13.81,10.71,10.84,10.48
2024-09-07T00:37-04:00,10.42,13.81,10.74,10.9,10.48
2024-09-07T01:10-04:00,10.42,13.81,10.75,10.9,10.48
2024-09-07T01:35-04:00,10.42,13.81,10.75,10.95,10.48
2024-09-07T02:14-04:00,10.42,13.81,10.75,10.88,10.48
2024-09-07T02:39-04:00,10.42,13.81,10.75,10.89,10.48
2024-09-07T03:11-04:00,10.42,13.81,10.75,10.91,10.48
2024-09-07T03:33-04:00,10.42,13.81,10.75,10.9,10.48
2024-09-07T04:13-04:00,10.42,13.81,10.74,10.9,10.48
2024-09-07T04:36-04:00,10.42,13.81,10.74,10.9,10.48
2024-09-07T05:10-04:00,10.42,13.81,10.73,10.89,10.46
2024-09-07T05:34-04:00,10.42,13.81,10.71,10.85,10.46
2024-09-07T06:11-04:00,10.42,13.81,10.7,10.85,10.46
2024-09-07T06:37-04:00,10.42,13.81,10.7,10.82,10.46
2024-09-07T07:08-04:00,10.42,13.81,10.7,10.82,10.45
2024-09-07T07:34-04:00,10.42,13.81,10.68,10.88,10.44
2024-09-07T08:18-04:00,10.42,13.81,10.62,10.71,10.43
2024-09-07T08:50-04:00,10.41,13.81,10.54,10.7,10.43
2024-09-07T09:13-04:00,10.38,13.81,10.55,10.68,10.42
2024-09-07T09:33-04:00,10.37,13.81,10.51,10.69,10.41
2024-09-07T10:09-04:00,10.33,13.84,10.5,10.63,10.37
2024-09-07T10:34-04:00,10.32,13.84,10.51,10.66,10.33
2024-09-07T11:10-04:00,10.26,13.84,10.5,10.6,10.3
2024-09-07T11:33-04:00,10.23,13.84,10.5,10.57,10.25
2024-09-07T12:12-04:00,10.21,13.84,10.5,10.52,10.24
2024-09-07T12:38-04:00,10.11,13.84,10.5,10.55,10.17
2024-09-07T13:10-04:00,10.02,13.84,10.46,10.5,10.05
2024-09-07T13:34-04:00,10.02,13.84,10.5,10.61,10.09
2024-09-07T14:13-04:00,10.15,13.84,10.56,10.66,10.26
2024-09-07T14:38-04:00,10.15,13.84,10.52,10.63,10.3
2024-09-07T15:09-04:00,10.15,13.84,10.5,10.56,10.26
2024-09-07T15:34-04:00,10.15,13.84,10.5,10.56,10.24
2024-09-07T16:11-04:00,10.15,13.84,10.5,10.5,10.2
2024-09-07T16:33-04:00,10.14,13.84,10.49,10.47,10.16
2024-09-07T17:11-04:00,10.08,13.84,10.48,10.48,10.12
2024-09-07T17:33-04:00,10.08,13.84,10.49,10.53,10.12
2024-09-07T18:09-04:00,10.08,13.84,10.49,10.49,10.12
2024-09-07T18:37-04:00,10.08,13.84,10.5,10.55,10.12
2024-09-07T19:10-04:00,10.08,13.84,10.5,10.57,10.1
2024-09-07T19:35-04:00,10.08,13.84,10.5,10.58,10.1
2024-09-07T20:58-04:00,10.08,13.84,10.5,10.57,10.11
2024-09-07T22:16-04:00,10.08,13.84,10.5,10.61,10.11
2024-09-07T22:57-04:00,10.08,13.84,10.56,10.61,10.11
2024-09-07T23:17-04:00,10.08,13.84,10.6,10.63,10.15
2024-09-07T23:36-04:00,10.08,13.84,10.5,10.59,10.14
2024-09-08T00:13-04:00,10.08,13.84,10.61,10.69,10.14
2024-09-08T00:37-04:00,10.08,13.84,10.63,10.72,10.21
2024-09-08T01:11-04:00,10.08,13.84,10.61,10.73,10.15
2024-09-08T01:36-04:00,10.08,13.84,10.6,10.72,10.15
2024-09-08T02:14-04:00,10.08,13.84,10.62,10.71,10.15
2024-09-08T02:38-04:00,10.08,13.84,10.62,10.72,10.15
2024-09-08T03:10-04:00,10.08,13.84,10.65,10.75,10.15
2024-09-08T03:34-04:00,10.08,13.84,10.65,10.75,10.15
2024-09-08T04:13-04:00,10.08,13.84,10.62,10.73,10.13
2024-09-08T04:36-04:00,10.08,13.84,10.62,10.73,10.13
2024-09-08T05:11-04:00,10.08,13.84,10.62,10.71,10.13
2024-09-08T05:33-04:00,10.08,13.84,10.61,10.7,10.13
2024-09-08T06:11-04:00,10.08,13.84,10.61,10.7,10.13
2024-09-08T06:36-04:00,10.08,13.84,10.6,10.69,10.13
2024-09-08T07:08-04:00,10.08,13.84,10.59,10.65,10.14
2024-09-08T07:35-04:00,10.08,13.84,10.51,10.58,10.14
2024-09-08T08:19-04:00,10.08,13.84,10.5,10.58,10.1
2024-09-08T08:51-04:00,10.08,13.84,10.5,10.58,10.1
2024-09-08T09:14-04:00,10.08,13.84,10.5,10.61,10.1
2024-09-08T09:33-04:00,10.08,13.84,10.5,10.59,10.1
2024-09-08T10:10-04:00,10.08,13.84,10.5,10.61,10.11
2024-09-08T10:35-04:00,10.08,13.84,10.5,10.65,10.14
2024-09-08T11:10-04:00,10.08,13.84,10.5,10.6,10.2
2024-09-08T11:36-04:00,10.08,13.84,10.5,10.58,10.2
2024-09-08T12:13-04:00,10.08,13.84,10.5,10.6,10.18
2024-09-08T12:40-04:00,10.08,13.84,10.5,10.59,10.18
2024-09-08T13:10-04:00,10.08,13.84,10.5,10.65,10.18
2024-09-08T13:37-04:00,10.08,13.84,10.5,10.63,10.19
2024-09-08T14:14-04:00,10.08,13.84,10.5,10.62,10.19
2024-09-08T14:38-04:00,10.08,13.84,10.5,10.58,10.19
2024-09-08T15:09-04:00,10.08,13.84,10.5,10.57,10.2
2024-09-08T15:34-04:00,10.08,13.84,10.5,10.58,10.21
2024-09-08T16:11-04:00,10.08,13.84,10.51,10.6,10.21
2024-09-08T16:34-04:00,10.08,13.84,10.51,10.61,10.22
2024-09-08T17:10-04:00,10.08,13.84,10.52,10.59,10.23
2024-09-08T17:35-04:00,10.08,13.84,10.62,10.66,10.25
2024-09-08T18:09-04:00,10.08,13.84,10.6,10.68,10.25
2024-09-08T18:35-04:00,10.08,13.84,10.66,10.68,10.29
2024-09-08T19:13-04:00,10.08,13.84,10.52,10.69,10.28
2024-09-08T19:34-04:00,10.08,13.84,10.6,10.72,10.29
2024-09-08T20:56-04:00,10.08,13.84,10.72,10.77,10.33
2024-09-08T22:12-04:00,10.08,13.84,10.7,10.91,10.38
2024-09-08T22:57-04:00,10.08,13.84,10.75,10.9,10.34
2024-09-08T23:19-04:00,10.08,13.84,10.75,10.98,10.32
2024-09-08T23:38-04:00,10.08,13.84,10.76,10.98,10.34
2024-09-09T00:13-04:00,10.08,13.84,10.82,11.09,10.34
2024-09-09T00:38-04:00,10.08,13.84,10.9,11.13,10.28
2024-09-09T01:12-04:00,10.08,13.84,10.9,11.07,10.28
2024-09-09T01:37-04:00,10.08,13.84,10.9,11.07,10.28
2024-09-09T02:16-04:00,10.08,13.84,10.92,11.09,10.4
2024-09-09T02:43-04:00,10.08,13.84,10.91,11.09,10.28
2024-09-09T03:11-04:00,10.08,13.84,10.91,11.09,10.28
2024-09-09T03:34-04:00,10.08,13.84,10.91,11.09,10.28
2024-09-09T04:16-04:00,10.08,13.84,10.88,11.06,10.39
2024-09-09T04:41-04:00,10.08,13.84,10.85,11.06,10.28
2024-09-09T05:13-04:00,10.08,13.84,10.79,11.07,10.28
2024-09-09T05:36-04:00,10.08,13.84,10.79,11.06,10.28
2024-09-09T06:12-04:00,10.08,13.84,10.76,10.95,10.28
2024-09-09T06:39-04:00,10.08,13.84,10.75,10.91,10.28
2024-09-09T07:09-04:00,10.08,13.84,10.68,10.84,10.27
2024-09-09T07:34-04:00,10.08,13.84,10.6,10.82,10.24
2024-09-09T08:22-04:00,10.08,13.84,10.52,10.72,10.18
2024-09-09T08:55-04:00,10.08,13.84,10.5,10.69,10.17
2024-09-09T09:19-04:00,10.08,13.84,10.5,10.67,10.14
2024-09-09T09:38-04:00,10.08,13.84,10.5,10.7,10.15
2024-09-09T10:13-04:00,10.08,13.84,10.5,10.72,10.18
2024-09-09T10:38-04:00,10.08,13.84,10.5,10.69,10.17
2024-09-09T11:11-04:00,10.08,13.84,10.55,10.69,10.23
2024-09-09T11:35-04:00,10.08,13.84,10.51,10.76,10.21
2024-09-09T12:13-04:00,10.08,13.84,10.48,10.69,10.22
2024-09-09T12:41-04:00,10.08,13.84,10.44,10.67,10.21
2024-09-09T13:10-04:00,10.08,13.84,10.39,10.59,10.2
2024-09-09T13:36-04:00,10.08,13.84,10.38,10.61,10.19
2024-09-09T14:14-04:00,10.08,13.84,10.34,10.61,10.19
2024-09-09T14:40-04:00,10.08,13.84,10.4,10.62,10.19
2024-09-09T15:09-04:00,10.08,13.84,10.39,10.65,10.19
2024-09-09T15:33-04:00,10.08,13.84,10.4,10.61,10.2
2024-09-09T16:12-04:00,10.08,13.84,10.5,10.65,10.25
2024-09-09T16:35-04:00,10.08,13.84,10.5,10.65,10.25
2024-09-09T17:10-04:00,10.08,13.84,10.5,10.76,10.26
2024-09-09T17:33-04:00,10.08,13.84,10.52,10.8,10.26
2024-09-09T18:10-04:00,10.08,13.84,10.5,10.71,10.25
2024-09-09T18:36-04:00,10.08,13.84,10.5,10.76,10.25
2024-09-09T19:12-04:00,10.08,13.84,10.5,10.76,10.25
2024-09-09T19:35-04:00,10.08,13.84,10.5,10.67,10.28
2024-09-09T20:54-04:00,10.07,13.84,10.43,10.68,10.25
2024-09-09T22:09-04:00,10.07,13.84,10.38,10.63,10.21
2024-09-09T22:55-04:00,10.07,13.84,10.39,10.64,10.21
2024-09-09T23:14-04:00,10.07,13.84,10.44,10.7,10.2
2024-09-09T23:37-04:00,10.07,13.84,10.43,10.7,10.2
2024-09-10T00:13-04:00,10.07,13.84,10.57,10.82,10.2
2024-09-10T00:38-04:00,10.07,13.84,10.6,10.91,10.2
2024-09-10T01:11-04:00,10.07,13.84,10.6,10.92,10.2
2024-09-10T01:36-04:00,10.07,13.84,10.61,10.99,10.22
2024-09-10T02:16-04:00,10.07,13.84,10.62,10.99,10.22
2024-09-10T02:41-04:00,10.07,13.84,10.6,10.96,10.22
2024-09-10T03:11-04:00,10.07,13.84,10.61,11.02,10.2
2024-09-10T03:33-04:00,10.07,13.84,10.61,11.04,10.2
2024-09-10T04:14-04:00,10.07,13.84,10.6,11.04,10.2
2024-09-10T04:39-04:00,10.07,13.84,10.6,11.03,10.2
2024-09-10T05:13-04:00,10.07,13.84,10.56,10.99,10.2
2024-09-10T05:35-04:00,10.07,13.84,10.6,10.99,10.2
2024-09-10T06:12-04:00,10.07,13.84,10.56,10.82,10.24
2024-09-10T06:38-04:00,10.07,13.84,10.5,10.69,10.2
2024-09-10T07:10-04:00,10.07,13.84,10.5,10.73,10.23
2024-09-10T07:34-04:00,10.07,13.84,10.5,10.73,10.23
2024-09-10T08:23-04:00,10.07,13.84,10.4,10.66,10.24
2024-09-10T08:56-04:00,10.07,13.84,10.4,10.62,10.24
2024-09-10T09:20-04:00,10.07,13.84,10.4,10.62,10.24
2024-09-10T09:36-04:00,10.07,13.84,10.37,10.57,10.23
2024-09-10T10:11-04:00,10.07,13.84,10.35,10.56,10.22
2024-09-10T10:37-04:00,10.07,13.83,10.31,10.53,10.22
2024-09-10T11:11-04:00,10.07,13.83,10.3,10.5,10.22
2024-09-10T11:35-04:00,10.07,13.83,10.3,10.48,10.22
2024-09-10T12:13-04:00,10.07,13.83,10.3,10.48,10.22
2024-09-10T12:40-04:00,10.07,13.83,10.3,10.49,10.22
2024-09-10T13:10-04:00,10.07,13.83,10.32,10.56,10.22
2024-09-10T13:35-04:00,10.07,13.83,10.32,10.52,10.22
2024-09-10T14:15-04:00,10.07,13.83,10.3,10.49,10.22
2024-09-10T14:40-04:00,10.07,13.83,10.29,10.48,10.21
2024-09-10T15:10-04:00,10.07,13.83,10.3,10.5,10.22
2024-09-10T15:35-04:00,10.07,13.83,10.35,10.55,10.22
2024-09-10T16:12-04:00,10.07,13.83,10.34,10.52,10.22
2024-09-10T16:35-04:00,10.07,13.83,10.38,10.56,10.22
2024-09-10T17:10-04:00,10.08,13.83,10.4,10.59,10.23
2024-09-10T17:34-04:00,10.08,13.83,10.4,10.57,10.23
2024-09-10T18:11-04:00,10.08,13.83,10.39,10.63,10.23
2024-09-10T18:36-04:00,10.08,13.83,10.4,10.65,10.23
2024-09-10T19:10-04:00,10.08,13.83,10.48,10.7,10.23
2024-09-10T19:34-04:00,10.08,13.83,10.51,10.8,10.24
2024-09-10T20:54-04:00,10.08,13.83,10.56,10.78,10.25
2024-09-10T22:08-04:00,10.0,13.83,10.5,10.51,10.26
2024-09-10T22:53-04:00,10.0,13.83,10.66,10.56,10.29
2024-09-10T23:12-04:00,10.08,13.83,10.6,10.77,10.29
2024-09-10T23:36-04:00,10.08,13.83,10.7,10.81,10.3
2024-09-11T00:15-04:00,10.08,13.83,10.7,10.89,10.3
2024-09-11T00:40-04:00,10.08,13.83,10.7,10.87,10.3
2024-09-11T01:11-04:00,10.08,13.83,10.7,10.87,10.3
2024-09-11T01:37-04:00,10.08,13.83,10.7,10.87,10.3
2024-09-11T02:16-04:00,10.08,13.83,10.7,10.83,10.32
2024-09-11T02:41-04:00,10.08,13.83,10.71,10.87,10.32
2024-09-11T03:11-04:00,10.08,13.83,10.73,10.91,10.32
2024-09-11T03:34-04:00,10.08,13.83,10.71,10.91,10.32
2024-09-11T04:15-04:00,10.08,13.83,10.71,10.91,10.32
2024-09-11T04:40-04:00,10.08,13.83,10.73,10.92,10.32
2024-09-11T05:12-04:00,10.08,13.83,10.7,10.93,10.31
2024-09-11T05:36-04:00,10.08,13.83,10.7,10.92,10.31
2024-09-11T06:11-04:00,10.08,13.83,10.7,10.88,10.3
2024-09-11T06:38-04:00,10.08,13.83,10.7,10.85,10.3
2024-09-11T07:11-04:00,10.08,13.83,10.66,10.86,10.3
2024-09-11T07:34-04:00,10.08,13.83,10.7,10.87,10.31
2024-09-11T08:21-04:00,10.08,13.83,10.7,11.04,10.32
2024-09-11T08:55-04:00,10.08,13.83,10.7,10.94,10.33
2024-09-11T09:18-04:00,10.08,13.83,10.7,10.93,10.35
2024-09-11T09:37-04:00,10.08,13.84,10.69,10.91,10.37
2024-09-11T10:10-04:00,10.08,13.83,10.75,11.11,10.42
2024-09-11T10:37-04:00,10.08,13.83,10.96,11.3,10.49
2024-09-11T11:12-04:00,10.08,13.83,10.76,11.18,10.5
2024-09-11T11:36-04:00,10.08,13.83,10.89,11.18,10.6
2024-09-11T12:13-04:00,10.08,13.83,10.98,11.15,10.71
2024-09-11T12:41-04:00,10.08,13.83,10.99,11.17,10.74
2024-09-11T13:09-04:00,10.08,13.83,10.77,10.97,10.5
2024-09-11T13:35-04:00,10.08,13.83,10.75,10.88,10.4
2024-09-11T14:15-04:00,10.08,13.83,10.72,10.88,10.4
2024-09-11T14:40-04:00,10.08,13.83,10.73,10.84,10.41
2024-09-11T15:08-04:00,10.08,13.83,10.72,10.87,10.41
2024-09-11T15:35-04:00,10.08,13.83,10.71,10.86,10.43
2024-09-11T16:10-04:00,10.0,13.83,10.73,10.92,10.45
2024-09-11T16:34-04:00,10.0,13.83,10.72,10.93,10.45
2024-09-11T17:11-04:00,10.0,13.83,10.74,10.93,10.5
2024-09-11T17:34-04:00,10.0,13.83,10.77,10.96,10.54
2024-09-11T18:10-04:00,10.0,13.83,10.79,11.11,10.57
2024-09-11T18:36-04:00,10.0,13.83,10.79,11.19,10.55
2024-09-11T19:11-04:00,10.0,13.83,10.79,11.14,10.57
2024-09-11T19:33-04:00,10.0,13.83,10.75,11.14,10.59
2024-09-11T20:54-04:00,10.0,13.83,10.72,11.02,10.57
2024-09-11T22:08-04:00,10.0,13.83,10.75,11.09,10.58
2024-09-11T22:54-04:00,10.0,13.84,10.75,11.1,10.57
2024-09-11T23:12-04:00,10.0,13.84,10.76,11.16,10.57
2024-09-11T23:36-04:00,10.0,13.83,10.76,11.09,10.57
2024-09-12T00:14-04:00,10.0,13.83,10.89,11.24,10.58
2024-09-12T00:39-04:00,10.0,13.83,10.96,11.26,10.58
2024-09-12T01:11-04:00,10.0,13.83,10.96,11.36,10.57
2024-09-12T01:36-04:00,10.0,13.83,10.93,11.41,10.58
2024-09-12T02:16-04:00,10.0,13.83,10.91,11.41,10.57
2024-09-12T02:42-04:00,10.0,13.84,10.96,11.51,10.57
2024-09-12T03:11-04:00,10.0,13.84,10.96,11.51,10.57
2024-09-12T03:33-04:00,10.0,13.83,10.96,11.49,10.57
2024-09-12T04:14-04:00,10.0,13.83,10.96,11.48,10.57
2024-09-12T04:40-04:00,10.0,13.83,10.98,11.51,10.58
2024-09-12T05:12-04:00,10.0,13.84,10.96,11.37,10.58
2024-09-12T05:35-04:00,10.0,13.83,10.86,11.37,10.57
