timestamp,offers,tradable
2024-08-29T18:36-04:00,191,861645.07
2024-08-29T19:11-04:00,187,877210.66
2024-08-29T19:34-04:00,183,825715.38
2024-08-29T20:53-04:00,179,819700.97
2024-08-29T22:07-04:00,177,799638.38
2024-08-29T22:52-04:00,171,782401.33
2024-08-29T23:12-04:00,165,768949.89
2024-08-29T23:36-04:00,156,732640.6
2024-08-30T00:13-04:00,146,668541.72
2024-08-30T00:38-04:00,138,666411.78
2024-08-30T01:11-04:00,138,667305.85
2024-08-30T01:36-04:00,136,645209.45
2024-08-30T02:16-04:00,139,648637.89
2024-08-30T02:41-04:00,139,648662.84
2024-08-30T03:10-04:00,132,599046.49
2024-08-30T03:34-04:00,133,599351.34
2024-08-30T04:15-04:00,135,599771.48
2024-08-30T04:38-04:00,135,599871.43
2024-08-30T05:12-04:00,136,601898.7
2024-08-30T05:35-04:00,134,600833.81
2024-08-30T06:12-04:00,141,603835.36
2024-08-30T06:38-04:00,147,608790.99
2024-08-30T07:11-04:00,150,613136.65
2024-08-30T07:34-04:00,158,659973.06
2024-08-30T08:20-04:00,161,679572.04
2024-08-30T08:53-04:00,156,642038.51
2024-08-30T09:16-04:00,164,747633.83
2024-08-30T09:36-04:00,175,777485.51
2024-08-30T10:10-04:00,186,785916.13
2024-08-30T10:36-04:00,183,769856.38
2024-08-30T11:11-04:00,174,753569.01
2024-08-30T11:33-04:00,176,756711.93
2024-08-30T12:13-04:00,168,740422.91
2024-08-30T12:40-04:00,164,739301.93
2024-08-30T13:11-04:00,162,768937.4
2024-08-30T13:35-04:00,170,790689.16
2024-08-30T14:14-04:00,166,672801.8
2024-08-30T14:40-04:00,175,750818.54
2024-08-30T15:08-04:00,163,770436.52
2024-08-30T15:34-04:00,162,768531.09
2024-08-30T16:12-04:00,157,752820.59
2024-08-30T16:35-04:00,161,794685.58
2024-08-30T17:11-04:00,170,850099.96
2024-08-30T17:33-04:00,180,877596.52
2024-08-30T18:10-04:00,174,808512.29
2024-08-30T18:36-04:00,170,799249.44
2024-08-30T19:12-04:00,163,739290.38
2024-08-30T19:33-04:00,166,739302.54
2024-08-30T20:53-04:00,162,770619.6
2024-08-30T22:06-04:00,154,803988.61
2024-08-30T22:52-04:00,152,730259.63
2024-08-30T23:11-04:00,147,717658.91
2024-08-30T23:35-04:00,144,696840.98
2024-08-31T00:14-04:00,129,634938.22
2024-08-31T00:38-04:00,125,604735.03
2024-08-31T01:10-04:00,127,607368.17
2024-08-31T01:35-04:00,127,608857.76
2024-08-31T02:14-04:00,124,607112.65
2024-08-31T02:39-04:00,122,605583.83
2024-08-31T03:09-04:00,118,563878.17
2024-08-31T03:35-04:00,120,564541.82
2024-08-31T04:13-04:00,118,562967.26
2024-08-31T04:38-04:00,118,562967.7
2024-08-31T05:11-04:00,119,573079.49
2024-08-31T05:33-04:00,122,610250.99
2024-08-31T06:10-04:00,123,609762.48
2024-08-31T06:36-04:00,127,611760.68
2024-08-31T07:08-04:00,135,645141.41
2024-08-31T07:35-04:00,144,715516.42
2024-08-31T08:19-04:00,138,708757.08
2024-08-31T08:51-04:00,142,741843.85
2024-08-31T09:13-04:00,144,760178.4
2024-08-31T09:33-04:00,153,790638.03
2024-08-31T10:09-04:00,163,799160.62
2024-08-31T10:34-04:00,168,825053.71
2024-08-31T11:11-04:00,178,816087.41
2024-08-31T11:36-04:00,178,798662.03
2024-08-31T12:13-04:00,177,853589.09
2024-08-31T12:40-04:00,169,813400.6
2024-08-31T13:09-04:00,168,775464.51
2024-08-31T13:33-04:00,164,761203.09
2024-08-31T14:13-04:00,157,759036.81
2024-08-31T14:37-04:00,155,748889.31
2024-08-31T15:08-04:00,150,773026.57
2024-08-31T15:34-04:00,149,749085.45
2024-08-31T16:12-04:00,154,738373.89
2024-08-31T16:33-04:00,149,713371.33
2024-08-31T17:09-04:00,142,747446.68
2024-08-31T17:34-04:00,145,756658.03
2024-08-31T18:11-04:00,143,785482.19
2024-08-31T18:36-04:00,143,763877.76
2024-08-31T19:10-04:00,150,804076.51
2024-08-31T19:36-04:00,146,797370.69
2024-08-31T21:02-04:00,149,763458.56
2024-08-31T22:38-04:00,140,732619.26
2024-08-31T23:18-04:00,131,687318.5
2024-08-31T23:40-04:00,130,687643.51
2024-09-01T00:14-04:00,119,628375.12
2024-09-01T00:38-04:00,118,621082.68
2024-09-01T01:12-04:00,115,601231.37
2024-09-01T01:36-04:00,112,599250.91
2024-09-01T02:16-04:00,111,596364.12
2024-09-01T02:40-04:00,110,596343.39
2024-09-01T03:10-04:00,110,594052.06
2024-09-01T03:34-04:00,110,594138.17
2024-09-01T04:13-04:00,112,597015.95
2024-09-01T04:36-04:00,111,596956.2
2024-09-01T05:11-04:00,112,597988.27
2024-09-01T05:33-04:00,112,597988.27
2024-09-01T06:10-04:00,114,611297.19
2024-09-01T06:36-04:00,119,625941.51
2024-09-01T07:09-04:00,125,637431.77
2024-09-01T07:34-04:00,125,623626.89
2024-09-01T08:19-04:00,136,657400.32
2024-09-01T08:53-04:00,146,721345.1
2024-09-01T09:15-04:00,148,711117.76
2024-09-01T09:33-04:00,142,669425.42
2024-09-01T10:09-04:00,147,765421.13
2024-09-01T10:34-04:00,150,783818.08
2024-09-01T11:10-04:00,152,827188.45
2024-09-01T11:33-04:00,157,851108.39
2024-09-01T12:13-04:00,154,781115.01
2024-09-01T12:39-04:00,158,808797.43
2024-09-01T13:09-04:00,154,793648.44
2024-09-01T13:33-04:00,148,791545.03
2024-09-01T14:13-04:00,150,815396.34
2024-09-01T14:38-04:00,155,818125.08
2024-09-01T15:08-04:00,151,806490.08
2024-09-01T15:34-04:00,153,806468.94
2024-09-01T16:12-04:00,144,769872.96
2024-09-01T16:33-04:00,146,784011.81
2024-09-01T17:10-04:00,151,793809.93
2024-09-01T17:34-04:00,153,792809.33
2024-09-01T18:11-04:00,154,824143.22
2024-09-01T18:36-04:00,156,823181.92
2024-09-01T19:10-04:00,155,828080.12
2024-09-01T19:35-04:00,157,789384.0
2024-09-01T20:54-04:00,157,793052.73
2024-09-01T22:08-04:00,143,745746.32
2024-09-01T22:55-04:00,139,751166.91
2024-09-01T23:13-04:00,131,683579.48
2024-09-01T23:37-04:00,124,675733.98
2024-09-02T00:14-04:00,113,593165.16
2024-09-02T00:38-04:00,107,590079.19
2024-09-02T01:11-04:00,106,590076.82
2024-09-02T01:36-04:00,105,589618.78
2024-09-02T02:17-04:00,109,596756.28
2024-09-02T02:42-04:00,110,600524.64
2024-09-02T03:11-04:00,108,597568.97
2024-09-02T03:34-04:00,107,589204.23
2024-09-02T04:15-04:00,106,586866.63
2024-09-02T04:39-04:00,105,590428.59
2024-09-02T05:13-04:00,107,591408.59
2024-09-02T05:36-04:00,110,592051.12
2024-09-02T06:12-04:00,115,596620.48
2024-09-02T06:39-04:00,116,598676.0
2024-09-02T07:09-04:00,119,610886.73
2024-09-02T07:36-04:00,127,633362.87
2024-09-02T08:22-04:00,121,642642.82
2024-09-02T08:55-04:00,129,666089.65
2024-09-02T09:17-04:00,127,673617.73
2024-09-02T09:35-04:00,129,685846.3
2024-09-02T10:10-04:00,133,701049.84
2024-09-02T10:36-04:00,135,751885.9
2024-09-02T11:11-04:00,154,834531.53
2024-09-02T11:34-04:00,152,807913.61
2024-09-02T12:14-04:00,147,787606.93
2024-09-02T12:42-04:00,148,844648.25
2024-09-02T13:09-04:00,152,835844.82
2024-09-02T13:33-04:00,154,851197.95
2024-09-02T14:14-04:00,168,869026.25
2024-09-02T14:39-04:00,167,837026.46
2024-09-02T15:09-04:00,161,811298.99
2024-09-02T15:34-04:00,161,797826.21
2024-09-02T16:12-04:00,167,827614.45
2024-09-02T16:35-04:00,167,875249.92
2024-09-02T17:10-04:00,173,883479.59
2024-09-02T17:34-04:00,172,882411.5
2024-09-02T18:11-04:00,167,859225.4
2024-09-02T18:36-04:00,164,867044.82
2024-09-02T19:11-04:00,165,783520.43
2024-09-02T19:35-04:00,167,854536.78
2024-09-02T20:53-04:00,169,870306.56
2024-09-02T22:06-04:00,165,868956.02
2024-09-02T22:51-04:00,151,802505.59
2024-09-02T23:13-04:00,141,807805.68
2024-09-02T23:37-04:00,131,690766.64
2024-09-03T00:13-04:00,116,571638.72
2024-09-03T00:37-04:00,114,532294.69
2024-09-03T01:11-04:00,114,531909.65
2024-09-03T01:36-04:00,110,511014.29
2024-09-03T02:15-04:00,110,510869.19
2024-09-03T02:41-04:00,112,549402.28
2024-09-03T03:11-04:00,114,625041.09
2024-09-03T03:34-04:00,109,537094.3
2024-09-03T04:14-04:00,109,537094.3
2024-09-03T04:39-04:00,111,542890.32
2024-09-03T05:12-04:00,113,546573.49
2024-09-03T05:35-04:00,114,547062.35
2024-09-03T06:12-04:00,125,601403.35
2024-09-03T06:38-04:00,127,591271.64
2024-09-03T07:09-04:00,132,645772.91
2024-09-03T07:34-04:00,135,685278.1
2024-09-03T08:21-04:00,139,725863.54
2024-09-03T08:54-04:00,139,726571.29
2024-09-03T09:17-04:00,146,734899.8
2024-09-03T09:36-04:00,147,699470.73
2024-09-03T10:11-04:00,150,738710.43
2024-09-03T10:37-04:00,155,773429.73
2024-09-03T11:12-04:00,164,798577.84
2024-09-03T11:35-04:00,164,794741.96
2024-09-03T12:15-04:00,174,881781.82
2024-09-03T12:41-04:00,169,888952.62
2024-09-03T13:11-04:00,177,872078.82
2024-09-03T13:35-04:00,174,866088.9
2024-09-03T14:15-04:00,176,892296.34
2024-09-03T14:40-04:00,175,936330.63
2024-09-03T15:09-04:00,172,926770.76
2024-09-03T15:35-04:00,173,913099.85
2024-09-03T16:12-04:00,179,922831.36
2024-09-03T16:35-04:00,179,965829.85
2024-09-03T17:10-04:00,184,978469.44
2024-09-03T17:34-04:00,183,954752.65
2024-09-03T18:11-04:00,178,892578.76
2024-09-03T18:37-04:00,177,886642.3
2024-09-03T19:11-04:00,173,821273.42
2024-09-03T19:34-04:00,165,776651.04
2024-09-03T20:54-04:00,153,731612.4
2024-09-03T22:07-04:00,156,806940.18
2024-09-03T22:52-04:00,150,760507.77
2024-09-03T23:12-04:00,146,755094.42
2024-09-03T23:36-04:00,132,714938.54
2024-09-04T00:14-04:00,120,639753.48
2024-09-04T00:38-04:00,116,625235.33
2024-09-04T01:12-04:00,116,614382.82
2024-09-04T01:37-04:00,120,702585.0
2024-09-04T02:16-04:00,118,675616.31
2024-09-04T03:11-04:00,108,628620.66
2024-09-04T03:35-04:00,105,593371.61
2024-09-04T04:13-04:00,104,591497.56
2024-09-04T04:38-04:00,104,590524.3
2024-09-04T05:12-04:00,108,596527.56
2024-09-04T05:35-04:00,112,600861.77
2024-09-04T06:12-04:00,117,597699.06
2024-09-04T06:38-04:00,122,611970.93
2024-09-04T07:09-04:00,136,629227.77
2024-09-04T07:34-04:00,138,633397.98
2024-09-04T08:21-04:00,144,692669.64
2024-09-04T08:55-04:00,148,724626.14
2024-09-04T09:18-04:00,156,844936.61
2024-09-04T09:37-04:00,156,865299.45
2024-09-04T10:10-04:00,161,882418.49
2024-09-04T10:37-04:00,163,846856.65
2024-09-04T11:12-04:00,171,845611.55
2024-09-04T11:35-04:00,179,891246.64
2024-09-04T12:13-04:00,181,906807.15
2024-09-04T12:40-04:00,184,925639.57
2024-09-04T13:10-04:00,178,872712.7
2024-09-04T13:37-04:00,173,833630.52
2024-09-04T14:13-04:00,174,827693.91
2024-09-04T14:38-04:00,166,807874.35
2024-09-04T15:09-04:00,166,827660.15
2024-09-04T15:34-04:00,167,836220.6
2024-09-04T16:12-04:00,172,912322.58
2024-09-04T16:36-04:00,163,867724.11
2024-09-04T17:10-04:00,160,818224.08
2024-09-04T17:34-04:00,160,844971.7
2024-09-04T18:10-04:00,146,735804.14
2024-09-04T18:36-04:00,139,726167.62
2024-09-04T19:11-04:00,145,782041.5
2024-09-04T19:34-04:00,144,705392.06
2024-09-04T20:54-04:00,149,718591.86
2024-09-04T22:07-04:00,150,743325.8
2024-09-04T22:53-04:00,148,733425.13
2024-09-04T23:12-04:00,137,664469.39
2024-09-04T23:36-04:00,131,651072.7
2024-09-05T00:13-04:00,118,578209.73
2024-09-05T00:38-04:00,116,559391.84
2024-09-05T01:11-04:00,111,532400.88
2024-09-05T01:36-04:00,109,512369.34
2024-09-05T02:15-04:00,105,510578.06
2024-09-05T02:41-04:00,105,505849.49
2024-09-05T03:10-04:00,105,527929.74
2024-09-05T03:33-04:00,106,528267.15
2024-09-05T04:15-04:00,106,528267.15
2024-09-05T04:39-04:00,107,532009.67
2024-09-05T05:12-04:00,107,528693.62
2024-09-05T05:34-04:00,108,531151.89
2024-09-05T06:12-04:00,111,530523.33
2024-09-05T06:38-04:00,119,553272.05
2024-09-05T07:10-04:00,127,607530.73
2024-09-05T07:34-04:00,127,610877.45
2024-09-05T08:21-04:00,138,640998.75
2024-09-05T08:55-04:00,142,671663.24
2024-09-05T09:18-04:00,154,761979.34
2024-09-05T09:36-04:00,154,788579.34
2024-09-05T10:10-04:00,156,824821.46
2024-09-05T10:37-04:00,150,769041.03
2024-09-05T11:11-04:00,132,692604.51
2024-09-05T11:35-04:00,138,742991.54
2024-09-05T12:14-04:00,141,698078.55
2024-09-05T12:41-04:00,142,694564.41
2024-09-05T13:10-04:00,143,724854.48
2024-09-05T13:35-04:00,144,702757.74
2024-09-05T14:14-04:00,139,739045.65
2024-09-05T14:39-04:00,143,716375.22
2024-09-05T15:09-04:00,135,724096.4
2024-09-05T15:34-04:00,126,709965.32
2024-09-05T16:12-04:00,115,707723.84
2024-09-05T16:34-04:00,107,634833.52
2024-09-05T17:10-04:00,98,596784.9
2024-09-05T17:34-04:00,92,518284.17
2024-09-05T18:10-04:00,132,735345.72
2024-09-05T18:36-04:00,137,734855.1
2024-09-05T19:12-04:00,135,746226.63
2024-09-05T19:34-04:00,131,737880.83
2024-09-05T20:54-04:00,128,726984.42
2024-09-05T22:08-04:00,130,741142.73
2024-09-05T22:54-04:00,127,717063.31
2024-09-05T23:13-04:00,121,689120.1
2024-09-05T23:36-04:00,113,669299.88
2024-09-06T00:13-04:00,103,572362.87
2024-09-06T00:37-04:00,97,567584.73
2024-09-06T01:12-04:00,98,573398.79
2024-09-06T01:37-04:00,95,547688.54
2024-09-06T02:16-04:00,93,544655.34
2024-09-06T02:41-04:00,92,545153.52
2024-09-06T03:10-04:00,91,539711.17
2024-09-06T03:34-04:00,92,542803.33
2024-09-06T04:14-04:00,91,539789.71
2024-09-06T04:38-04:00,92,543279.76
2024-09-06T05:11-04:00,91,539415.98
2024-09-06T05:35-04:00,93,541691.48
2024-09-06T06:12-04:00,97,546012.47
2024-09-06T06:38-04:00,98,547157.61
2024-09-06T07:10-04:00,107,564919.66
2024-09-06T07:35-04:00,108,586100.17
2024-09-06T08:20-04:00,120,639209.53
2024-09-06T08:53-04:00,124,664776.93
2024-09-06T09:16-04:00,121,710618.91
2024-09-06T09:38-04:00,126,714555.08
2024-09-06T10:11-04:00,145,790725.47
2024-09-06T10:36-04:00,136,783786.52
2024-09-06T11:12-04:00,138,779263.02
2024-09-06T11:35-04:00,140,757313.33
2024-09-06T12:13-04:00,138,735766.2
2024-09-06T12:43-04:00,142,728673.76
2024-09-06T13:09-04:00,142,715976.18
2024-09-06T13:33-04:00,139,713930.61
2024-09-06T14:15-04:00,130,692918.58
2024-09-06T14:40-04:00,137,745466.51
2024-09-06T15:10-04:00,137,730189.94
2024-09-06T15:34-04:00,141,752204.1
2024-09-06T16:12-04:00,145,794998.5
2024-09-06T16:34-04:00,149,759463.59
2024-09-06T17:10-04:00,160,780182.04
2024-09-06T17:34-04:00,154,798574.2
2024-09-06T18:10-04:00,151,748749.68
2024-09-06T18:38-04:00,148,732349.4
2024-09-06T19:12-04:00,148,742661.97
2024-09-06T19:35-04:00,142,731187.37
2024-09-06T20:53-04:00,136,705442.71
2024-09-06T22:05-04:00,138,744398.48
2024-09-06T22:52-04:00,128,695743.59
2024-09-06T23:12-04:00,123,722239.99
2024-09-06T23:36-04:00,114,625591.28
2024-09-07T00:13-04:00,98,528891.51
2024-09-07T00:37-04:00,97,477800.77
2024-09-07T01:10-04:00,95,487970.15
2024-09-07T01:35-04:00,97,511470.39
2024-09-07T02:14-04:00,91,489316.86
2024-09-07T02:39-04:00,93,497757.15
2024-09-07T03:11-04:00,90,496718.83
2024-09-07T03:33-04:00,89,493963.52
2024-09-07T04:13-04:00,91,493534.88
2024-09-07T04:36-04:00,93,494066.06
2024-09-07T05:10-04:00,95,497799.71
2024-09-07T05:34-04:00,92,495964.0
2024-09-07T06:11-04:00,97,558933.47
2024-09-07T06:37-04:00,99,559114.37
2024-09-07T07:08-04:00,98,561714.35
2024-09-07T07:34-04:00,110,627938.3
2024-09-07T08:18-04:00,115,619618.96
2024-09-07T08:50-04:00,114,587559.45
2024-09-07T09:13-04:00,110,576409.67
2024-09-07T09:33-04:00,110,560363.78
2024-09-07T10:09-04:00,103,582879.09
2024-09-07T10:34-04:00,113,640692.71
2024-09-07T11:10-04:00,110,618877.34
2024-09-07T11:33-04:00,109,642024.07
2024-09-07T12:12-04:00,102,600204.65
2024-09-07T12:38-04:00,101,578437.66
2024-09-07T13:10-04:00,102,565352.27
2024-09-07T13:34-04:00,111,638661.27
2024-09-07T14:13-04:00,136,723216.46
2024-09-07T14:38-04:00,144,717197.64
2024-09-07T15:09-04:00,130,722692.63
2024-09-07T15:34-04:00,133,712986.11
2024-09-07T16:11-04:00,131,686056.84
2024-09-07T16:33-04:00,129,666865.35
2024-09-07T17:12-04:00,119,657474.59
2024-09-07T17:33-04:00,125,639885.74
2024-09-07T18:09-04:00,123,655549.26
2024-09-07T18:37-04:00,113,630766.28
2024-09-07T19:10-04:00,119,649356.22
2024-09-07T19:35-04:00,122,656436.09
2024-09-07T20:58-04:00,129,703902.78
2024-09-07T22:16-04:00,129,721313.79
2024-09-07T22:57-04:00,118,660873.19
2024-09-07T23:17-04:00,114,639456.21
2024-09-07T23:36-04:00,106,628785.71
2024-09-08T00:13-04:00,100,586018.46
2024-09-08T00:37-04:00,96,563706.33
2024-09-08T01:11-04:00,96,557304.33
2024-09-08T01:36-04:00,90,537633.36
2024-09-08T02:14-04:00,91,520840.5
2024-09-08T02:38-04:00,92,527700.18
2024-09-08T03:10-04:00,92,527198.64
2024-09-08T03:34-04:00,90,524037.17
2024-09-08T04:13-04:00,89,522720.57
2024-09-08T04:36-04:00,89,522720.57
2024-09-08T05:11-04:00,92,543756.98
2024-09-08T05:33-04:00,92,543507.03
2024-09-08T06:11-04:00,98,547894.22
2024-09-08T06:36-04:00,107,578557.03
2024-09-08T07:08-04:00,106,556441.8
2024-09-08T07:35-04:00,106,554177.07
2024-09-08T08:19-04:00,107,582128.49
2024-09-08T08:51-04:00,111,608133.68
2024-09-08T09:14-04:00,114,615775.62
2024-09-08T09:33-04:00,116,604975.14
2024-09-08T10:10-04:00,126,609547.44
2024-09-08T10:35-04:00,129,639569.28
2024-09-08T11:11-04:00,131,678287.43
2024-09-08T11:36-04:00,132,682579.12
2024-09-08T12:13-04:00,142,695555.41
2024-09-08T12:40-04:00,145,699778.68
2024-09-08T13:10-04:00,140,638368.38
2024-09-08T13:37-04:00,135,610603.38
2024-09-08T14:14-04:00,141,681934.64
2024-09-08T14:38-04:00,143,686199.33
2024-09-08T15:09-04:00,141,680286.63
2024-09-08T15:34-04:00,143,686184.61
2024-09-08T16:11-04:00,157,768840.27
2024-09-08T16:34-04:00,161,766569.99
2024-09-08T17:10-04:00,157,747937.29
2024-09-08T18:09-04:00,159,747838.52
2024-09-08T18:35-04:00,159,725142.32
2024-09-08T19:13-04:00,147,762604.0
2024-09-08T19:34-04:00,141,746795.04
2024-09-08T20:56-04:00,155,802197.25
2024-09-08T22:12-04:00,134,752697.27
2024-09-08T22:57-04:00,142,758270.52
2024-09-08T23:19-04:00,142,739506.52
2024-09-08T23:38-04:00,136,721855.93
2024-09-09T00:13-04:00,116,630593.64
2024-09-09T00:38-04:00,114,595042.21
2024-09-09T01:12-04:00,107,572479.85
2024-09-09T01:37-04:00,105,566197.06
2024-09-09T02:16-04:00,104,564121.26
2024-09-09T02:43-04:00,104,564139.26
2024-09-09T03:11-04:00,106,583133.31
2024-09-09T03:34-04:00,106,583109.13
2024-09-09T04:16-04:00,104,601066.74
2024-09-09T04:41-04:00,105,601409.77
2024-09-09T05:13-04:00,108,606445.41
2024-09-09T05:36-04:00,111,610353.52
2024-09-09T06:12-04:00,117,614984.79
2024-09-09T06:39-04:00,125,622474.63
2024-09-09T07:09-04:00,130,622704.46
2024-09-09T07:34-04:00,122,614455.22
2024-09-09T08:22-04:00,117,621162.68
2024-09-09T08:55-04:00,120,668688.6
2024-09-09T09:19-04:00,124,673567.29
2024-09-09T09:38-04:00,131,696054.25
2024-09-09T10:13-04:00,149,808308.04
2024-09-09T10:39-04:00,153,880766.88
2024-09-09T11:11-04:00,149,878072.53
2024-09-09T11:35-04:00,144,794538.78
2024-09-09T12:13-04:00,149,840248.8
2024-09-09T12:41-04:00,143,785597.33
2024-09-09T13:10-04:00,151,885905.5
2024-09-09T13:36-04:00,143,856044.85
2024-09-09T14:14-04:00,149,877603.68
2024-09-09T14:40-04:00,158,869704.18
2024-09-09T15:09-04:00,162,896430.77
2024-09-09T15:34-04:00,163,893115.42
2024-09-09T16:12-04:00,167,900325.67
2024-09-09T16:35-04:00,169,940720.84
2024-09-09T17:10-04:00,172,974926.16
2024-09-09T17:34-04:00,173,981303.93
2024-09-09T18:10-04:00,163,915503.92
2024-09-09T18:36-04:00,160,833817.05
2024-09-09T19:12-04:00,157,809859.04
2024-09-09T19:35-04:00,154,869836.91
2024-09-09T20:54-04:00,147,795922.38
2024-09-09T22:09-04:00,146,837505.84
2024-09-09T22:55-04:00,140,826380.92
2024-09-09T23:14-04:00,134,781476.99
2024-09-09T23:37-04:00,125,733000.15
2024-09-10T00:13-04:00,104,627879.27
2024-09-10T00:38-04:00,103,625698.93
2024-09-10T01:11-04:00,104,607654.54
2024-09-10T01:36-04:00,99,590166.46
2024-09-10T02:16-04:00,98,590160.26
2024-09-10T02:41-04:00,99,594924.21
2024-09-10T03:12-04:00,102,595567.42
2024-09-10T03:33-04:00,102,595567.42
2024-09-10T04:14-04:00,101,587273.78
2024-09-10T04:39-04:00,101,587273.78
2024-09-10T05:13-04:00,104,612636.98
2024-09-10T05:35-04:00,106,618970.97
2024-09-10T06:12-04:00,110,622575.87
2024-09-10T06:38-04:00,116,632457.68
2024-09-10T07:10-04:00,127,663808.64
2024-09-10T07:34-04:00,129,685660.28
2024-09-10T08:23-04:00,130,682199.18
2024-09-10T08:56-04:00,137,731191.95
2024-09-10T09:20-04:00,139,733805.56
2024-09-10T09:37-04:00,139,726140.54
2024-09-10T10:11-04:00,139,754041.45
2024-09-10T10:37-04:00,143,795804.99
2024-09-10T11:11-04:00,151,834020.5
2024-09-10T11:35-04:00,149,825096.05
2024-09-10T12:13-04:00,145,791454.69
2024-09-10T12:40-04:00,144,783415.74
2024-09-10T13:10-04:00,150,838140.38
2024-09-10T13:35-04:00,152,813081.84
2024-09-10T14:15-04:00,145,777203.35
2024-09-10T14:40-04:00,147,826588.14
2024-09-10T15:10-04:00,156,842679.39
2024-09-10T15:35-04:00,156,843059.96
2024-09-10T16:12-04:00,163,829802.12
2024-09-10T16:35-04:00,159,775501.34
2024-09-10T17:10-04:00,158,855660.02
2024-09-10T17:34-04:00,169,882351.86
2024-09-10T18:11-04:00,173,925201.87
2024-09-10T18:36-04:00,174,939325.5
2024-09-10T19:11-04:00,173,951389.93
2024-09-10T19:34-04:00,173,925871.81
2024-09-10T20:54-04:00,181,1006650.55
2024-09-10T22:08-04:00,174,964580.95
2024-09-10T22:53-04:00,163,942903.79
2024-09-10T23:12-04:00,158,876293.92
2024-09-10T23:36-04:00,150,836830.93
2024-09-11T00:15-04:00,136,751608.23
2024-09-11T00:40-04:00,126,716598.23
2024-09-11T01:11-04:00,122,704969.8
2024-09-11T01:37-04:00,124,693059.98
2024-09-11T02:16-04:00,119,645342.53
2024-09-11T02:41-04:00,120,648521.13
2024-09-11T03:11-04:00,120,647307.78
2024-09-11T03:34-04:00,121,647558.67
2024-09-11T04:15-04:00,117,634001.5
2024-09-11T04:40-04:00,122,663554.45
2024-09-11T05:12-04:00,121,663355.18
2024-09-11T05:36-04:00,122,663025.06
2024-09-11T06:11-04:00,127,702560.71
2024-09-11T06:38-04:00,132,710912.9
2024-09-11T07:11-04:00,143,757740.23
2024-09-11T07:34-04:00,148,804853.21
2024-09-11T08:21-04:00,150,790228.81
2024-09-11T08:55-04:00,152,830149.87
2024-09-11T09:19-04:00,165,882883.25
2024-09-11T09:37-04:00,170,878049.91
2024-09-11T10:10-04:00,183,932634.28
2024-09-11T10:37-04:00,181,896356.46
2024-09-11T11:12-04:00,184,888252.49
2024-09-11T11:36-04:00,189,915784.54
2024-09-11T12:13-04:00,180,940503.53
2024-09-11T12:41-04:00,182,915544.22
2024-09-11T13:09-04:00,144,853048.98
2024-09-11T13:35-04:00,143,808895.71
2024-09-11T14:15-04:00,151,817200.8
2024-09-11T14:40-04:00,154,845390.63
2024-09-11T15:08-04:00,159,901722.7
2024-09-11T15:35-04:00,168,934664.36
2024-09-11T16:10-04:00,172,965159.21
2024-09-11T16:34-04:00,181,1029549.15
2024-09-11T17:11-04:00,189,1082185.09
2024-09-11T17:34-04:00,194,1145047.99
2024-09-11T18:10-04:00,193,1105304.61
2024-09-11T18:36-04:00,197,1142640.11
2024-09-11T19:11-04:00,193,1113633.77
2024-09-11T19:33-04:00,190,1047303.56
2024-09-11T20:54-04:00,188,1104650.11
2024-09-11T22:08-04:00,174,1084307.65
2024-09-11T22:54-04:00,161,955719.45
2024-09-11T23:12-04:00,159,876441.03
2024-09-11T23:36-04:00,149,831986.3
2024-09-12T00:14-04:00,139,798673.83
2024-09-12T00:39-04:00,133,767002.77
2024-09-12T01:11-04:00,130,750952.71
2024-09-12T01:36-04:00,126,749994.78
2024-09-12T02:16-04:00,130,774779.9
2024-09-12T02:42-04:00,128,751460.58
2024-09-12T03:11-04:00,128,752318.54
2024-09-12T03:33-04:00,127,747884.64
2024-09-12T04:15-04:00,127,750689.15
2024-09-12T04:40-04:00,126,732503.6
2024-09-12T05:12-04:00,133,767921.57
2024-09-12T05:35-04:00,134,771382.32
2024-09-12T06:12-04:00,139,783712.22
2024-09-12T06:39-04:00,144,791507.13
2024-09-12T07:09-04:00,154,777033.26
2024-09-12T07:34-04:00,162,838727.48
2024-09-12T08:21-04:00,165,860716.26
2024-09-12T08:54-04:00,162,809276.94
2024-09-12T09:18-04:00,154,893703.45
2024-09-12T09:37-04:00,164,916504.51
2024-09-12T10:11-04:00,174,997149.27
2024-09-12T10:38-04:00,181,1008701.89
2024-09-12T11:11-04:00,191,1017441.74
2024-09-12T11:35-04:00,193,1037438.95
2024-09-12T12:13-04:00,204,1065999.62
2024-09-12T12:42-04:00,200,1098097.98
2024-09-12T13:10-04:00,199,974866.14
2024-09-12T13:35-04:00,196,1015753.17
2024-09-12T14:16-04:00,185,945986.38
2024-09-12T14:41-04:00,193,972440.83
2024-09-12T15:08-04:00,200,984405.71
2024-09-12T15:34-04:00,201,1065416.81
2024-09-12T16:12-04:00,212,1123956.3
2024-09-12T16:35-04:00,218,1101703.27
2024-09-12T17:10-04:00,210,1076782.19
2024-09-12T17:33-04:00,208,1018578.54
2024-09-12T18:11-04:00,204,1055330.73
2024-09-12T18:37-04:00,204,1014211.54
2024-09-12T19:13-04:00,206,999679.27
2024-09-12T19:34-04:00,201,1017516.45
2024-09-12T20:54-04:00,183,993645.28
2024-09-12T22:09-04:00,175,1007975.92
2024-09-12T22:55-04:00,173,1029799.94
2024-09-12T23:14-04:00,169,967848.07
2024-09-12T23:36-04:00,166,964551.87
2024-09-13T00:13-04:00,150,819349.11
2024-09-13T00:38-04:00,152,831543.61
2024-09-13T01:11-04:00,148,823708.23
2024-09-13T01:36-04:00,148,825249.85
2024-09-13T02:16-04:00,145,786385.72
2024-09-13T02:42-04:00,144,777740.44
2024-09-13T03:12-04:00,141,771384.16
2024-09-13T03:33-04:00,140,742375.74
2024-09-13T04:14-04:00,140,747027.71
2024-09-13T04:39-04:00,139,752671.71
2024-09-13T05:12-04:00,138,751980.47
2024-09-13T05:35-04:00,140,776355.37
2024-09-13T06:12-04:00,145,784857.67
2024-09-13T06:38-04:00,150,773505.07
2024-09-13T07:10-04:00,155,782811.48
2024-09-13T07:34-04:00,164,832946.04
2024-09-13T08:20-04:00,168,848023.9
2024-09-13T08:54-04:00,174,907815.86
2024-09-13T09:17-04:00,186,953254.85
2024-09-13T09:36-04:00,194,964024.36
2024-09-13T10:10-04:00,196,1002164.66
2024-09-13T10:36-04:00,194,968879.59
2024-09-13T11:11-04:00,187,1019130.85
2024-09-13T11:37-04:00,187,1048147.06
2024-09-13T12:13-04:00,185,1005693.82
2024-09-13T12:40-04:00,183,1055833.53
2024-09-13T13:10-04:00,185,1032820.22
2024-09-13T13:35-04:00,186,1019043.97
2024-09-13T14:15-04:00,169,948963.48
2024-09-13T14:40-04:00,175,1015780.77
2024-09-13T15:09-04:00,171,998674.11
2024-09-13T15:34-04:00,186,1025375.46
2024-09-13T16:12-04:00,189,1053830.67
2024-09-13T16:35-04:00,190,1061433.09
2024-09-13T17:10-04:00,186,1068426.85
2024-09-13T17:33-04:00,188,1060117.09
2024-09-13T18:10-04:00,179,1053303.73
2024-09-13T18:37-04:00,182,1060370.41
2024-09-13T19:11-04:00,170,969781.56
2024-09-13T19:35-04:00,170,1012149.55
2024-09-13T20:53-04:00,168,980659.53
2024-09-13T22:07-04:00,161,914760.88
2024-09-13T22:54-04:00,147,869519.83
2024-09-13T23:13-04:00,145,883418.33
2024-09-13T23:36-04:00,145,833997.21
2024-09-14T00:13-04:00,133,738464.9
2024-09-14T00:37-04:00,131,750863.86
2024-09-14T01:12-04:00,129,726555.86
2024-09-14T01:36-04:00,126,705253.1
2024-09-14T02:15-04:00,125,705478.3
2024-09-14T02:40-04:00,125,703795.78
2024-09-14T03:11-04:00,122,699206.36
2024-09-14T03:33-04:00,124,728626.46
2024-09-14T04:15-04:00,126,737364.7
2024-09-14T04:38-04:00,130,779060.91
2024-09-14T05:11-04:00,132,778739.7
2024-09-14T05:33-04:00,131,775607.69
2024-09-14T06:11-04:00,133,774579.34
2024-09-14T06:36-04:00,134,777913.92
2024-09-14T07:08-04:00,135,733786.89
2024-09-14T07:35-04:00,135,746471.34
2024-09-14T08:19-04:00,143,859622.83
2024-09-14T08:52-04:00,145,847291.56
2024-09-14T09:14-04:00,149,856188.73
2024-09-14T09:33-04:00,148,846295.89
2024-09-14T10:09-04:00,159,950625.75
2024-09-14T10:35-04:00,163,977936.38
2024-09-14T11:10-04:00,168,1008057.68
2024-09-14T11:33-04:00,170,971849.32
2024-09-14T12:13-04:00,168,942167.76
2024-09-14T12:39-04:00,173,987745.08
2024-09-14T13:10-04:00,171,966484.24
2024-09-14T13:35-04:00,168,946159.19
2024-09-14T14:13-04:00,170,959308.19
2024-09-14T14:38-04:00,166,899445.28
2024-09-14T15:08-04:00,161,873121.39
2024-09-14T15:34-04:00,167,895881.11
2024-09-14T16:13-04:00,165,871036.95
2024-09-14T16:35-04:00,158,837938.36
2024-09-14T17:10-04:00,148,878828.28
2024-09-14T17:34-04:00,150,846465.95
2024-09-14T18:11-04:00,135,825870.37
2024-09-14T18:36-04:00,144,818399.0
2024-09-14T19:10-04:00,154,879790.51
2024-09-14T19:34-04:00,162,890269.06
2024-09-14T21:00-04:00,147,831205.06
2024-09-14T22:36-04:00,155,821519.24
2024-09-14T23:17-04:00,150,835815.8
2024-09-14T23:39-04:00,144,779983.12
2024-09-15T00:13-04:00,130,651831.01
2024-09-15T00:38-04:00,123,618090.96
2024-09-15T01:11-04:00,125,618716.56
2024-09-15T01:36-04:00,124,618861.53
2024-09-15T02:15-04:00,124,618548.3
2024-09-15T02:40-04:00,123,617904.46
2024-09-15T03:10-04:00,122,629429.29
2024-09-15T03:34-04:00,123,630382.42
2024-09-15T04:15-04:00,122,634711.49
2024-09-15T04:38-04:00,120,616268.23
2024-09-15T05:10-04:00,124,610581.88
2024-09-15T05:34-04:00,121,595485.92
2024-09-15T06:11-04:00,128,652890.74
2024-09-15T06:37-04:00,132,656600.79
2024-09-15T07:08-04:00,139,706557.81
2024-09-15T07:35-04:00,146,727977.98
2024-09-15T08:19-04:00,146,707543.69
2024-09-15T08:52-04:00,151,706342.87
2024-09-15T09:15-04:00,160,737103.46
2024-09-15T09:33-04:00,168,836693.55
2024-09-15T10:09-04:00,170,825939.08
2024-09-15T10:35-04:00,167,819502.98
2024-09-15T11:10-04:00,174,894148.43
2024-09-15T11:33-04:00,171,896417.09
2024-09-15T12:13-04:00,172,905362.63
2024-09-15T12:40-04:00,170,901739.88
2024-09-15T13:09-04:00,174,934216.11
2024-09-15T13:34-04:00,169,922754.68
2024-09-15T14:15-04:00,171,934194.96
2024-09-15T14:39-04:00,176,955794.98
2024-09-15T15:08-04:00,183,999442.24
2024-09-15T15:34-04:00,184,1009418.06
2024-09-15T16:11-04:00,186,1005424.45
2024-09-15T16:34-04:00,187,1052319.79
2024-09-15T17:10-04:00,176,1009739.7
2024-09-15T17:34-04:00,179,1009774.38
2024-09-15T18:11-04:00,179,1010157.23
2024-09-15T18:36-04:00,175,969758.34
2024-09-15T19:10-04:00,174,964263.09
2024-09-15T19:34-04:00,174,960446.11
2024-09-15T20:57-04:00,173,924496.92
2024-09-15T22:19-04:00,165,927189.35
2024-09-15T23:04-04:00,155,941108.57
2024-09-15T23:42-04:00,143,894602.99
2024-09-16T00:14-04:00,136,849769.47
2024-09-16T00:39-04:00,135,849481.14
2024-09-16T01:13-04:00,129,810135.1
2024-09-16T01:38-04:00,129,809997.64
2024-09-16T02:17-04:00,123,764624.4
2024-09-16T02:42-04:00,121,763379.67
2024-09-16T03:11-04:00,121,763299.72
2024-09-16T03:34-04:00,122,764051.08
2024-09-16T04:16-04:00,120,762828.82
2024-09-16T04:41-04:00,124,796815.87
2024-09-16T05:14-04:00,126,821835.98
2024-09-16T05:38-04:00,127,821660.74
2024-09-16T06:13-04:00,131,824947.83
2024-09-16T06:40-04:00,137,825147.47
2024-09-16T07:10-04:00,138,819901.89
2024-09-16T07:34-04:00,141,832224.22
2024-09-16T08:23-04:00,145,859684.03
2024-09-16T08:57-04:00,141,817188.83
2024-09-16T09:23-04:00,135,786353.31
2024-09-16T09:39-04:00,133,773318.59
2024-09-16T10:11-04:00,137,768084.85
2024-09-16T10:38-04:00,147,855667.28
2024-09-16T11:12-04:00,161,866846.61
2024-09-16T11:37-04:00,163,918271.79
2024-09-16T12:13-04:00,163,876651.67
2024-09-16T12:43-04:00,163,912073.81
2024-09-16T13:10-04:00,152,888910.94
2024-09-16T13:38-04:00,155,886887.12
2024-09-16T14:15-04:00,160,868787.88
2024-09-16T14:41-04:00,154,825537.05
2024-09-16T15:09-04:00,161,842705.26
2024-09-16T15:34-04:00,160,842356.37
2024-09-16T16:12-04:00,163,878678.03
2024-09-16T16:36-04:00,163,893686.96
2024-09-16T17:12-04:00,162,893335.56
2024-09-16T17:59-04:00,169,897160.71
2024-09-16T18:10-04:00,168,876934.16
2024-09-16T18:33-04:00,166,848494.13
2024-09-16T19:10-04:00,167,832912.0
2024-09-16T19:34-04:00,167,837697.3
2024-09-16T20:44-04:00,173,898744.26
2024-09-16T21:47-04:00,172,883209.56
2024-09-16T22:19-04:00,172,855065.2
2024-09-16T22:35-04:00,169,847544.71
2024-09-16T23:13-04:00,148,787542.29
2024-09-16T23:36-04:00,143,757793.35
2024-09-17T00:13-04:00,140,747894.26
2024-09-17T00:35-04:00,130,702342.28
2024-09-17T01:13-04:00,128,688809.62
2024-09-17T01:35-04:00,125,685422.26
2024-09-17T02:15-04:00,121,663139.18
2024-09-17T02:41-04:00,122,663703.16
2024-09-17T03:10-04:00,118,665648.83
2024-09-17T03:34-04:00,117,665585.75
2024-09-17T04:15-04:00,119,665718.88
2024-09-17T04:40-04:00,121,668118.93
2024-09-17T05:12-04:00,123,670318.88
2024-09-17T05:35-04:00,122,669732.02
2024-09-17T06:12-04:00,124,667495.4
2024-09-17T06:38-04:00,132,690566.07
2024-09-17T07:09-04:00,142,714103.15
2024-09-17T07:35-04:00,140,727992.93
2024-09-17T08:21-04:00,137,701926.41
2024-09-17T08:56-04:00,143,757398.32
2024-09-17T09:20-04:00,146,759558.58
2024-09-17T09:37-04:00,150,797763.07
2024-09-17T10:10-04:00,160,899525.8
2024-09-17T10:36-04:00,166,889892.9
2024-09-17T11:12-04:00,169,864232.4
2024-09-17T11:36-04:00,170,857318.61
2024-09-17T12:14-04:00,178,912764.44
2024-09-17T12:41-04:00,179,928381.5
2024-09-17T13:10-04:00,180,944819.93
2024-09-17T13:35-04:00,172,879325.68
2024-09-17T14:15-04:00,175,947959.06
2024-09-17T14:40-04:00,170,939075.17
2024-09-17T15:09-04:00,163,910728.72
2024-09-17T15:34-04:00,166,893652.37
2024-09-17T16:12-04:00,184,932905.27
2024-09-17T16:35-04:00,194,1017526.58
2024-09-17T17:10-04:00,194,923433.11
2024-09-17T17:34-04:00,186,958687.64
2024-09-17T18:10-04:00,191,971338.23
2024-09-17T18:36-04:00,195,986451.94
2024-09-17T19:13-04:00,198,1031728.86
2024-09-17T19:35-04:00,199,1011601.81
2024-09-17T20:54-04:00,191,907474.88
2024-09-17T22:09-04:00,183,928691.17
2024-09-17T22:55-04:00,171,885639.87
2024-09-17T23:14-04:00,165,827379.54
2024-09-17T23:37-04:00,151,784964.26
2024-09-18T00:14-04:00,140,705172.35
2024-09-18T00:39-04:00,140,694915.85
2024-09-18T01:11-04:00,137,689091.85
2024-09-18T01:37-04:00,137,688706.33
2024-09-18T02:16-04:00,138,691398.6
2024-09-18T02:41-04:00,135,695718.04
2024-09-18T03:11-04:00,135,697680.25
2024-09-18T03:35-04:00,134,695380.3
2024-09-18T04:14-04:00,132,674841.08
2024-09-18T04:38-04:00,131,663809.89
2024-09-18T05:13-04:00,130,644063.46
2024-09-18T05:36-04:00,132,650226.53
2024-09-18T06:12-04:00,133,655028.96
2024-09-18T06:39-04:00,136,694187.26
2024-09-18T07:09-04:00,144,700749.56
2024-09-18T07:34-04:00,154,730152.28
2024-09-18T08:21-04:00,166,822372.06
2024-09-18T08:55-04:00,167,817671.72
2024-09-18T09:19-04:00,164,756453.16
2024-09-18T09:37-04:00,164,788158.24
2024-09-18T10:11-04:00,168,827046.75
2024-09-18T10:37-04:00,178,916360.76
2024-09-18T11:12-04:00,186,1013100.94
2024-09-18T11:36-04:00,187,1038268.73
2024-09-18T12:14-04:00,187,1021557.25
2024-09-18T12:41-04:00,187,992275.62
2024-09-18T13:10-04:00,188,942383.45
2024-09-18T13:35-04:00,189,1015065.89
2024-09-18T14:15-04:00,185,926039.21
2024-09-18T14:40-04:00,175,908150.0
2024-09-18T15:09-04:00,175,905413.12
2024-09-18T15:34-04:00,180,905736.44
2024-09-18T16:12-04:00,173,839656.28
2024-09-18T16:35-04:00,173,860313.24
2024-09-18T17:10-04:00,166,812032.18
2024-09-18T17:33-04:00,173,841685.06
2024-09-18T18:11-04:00,180,891819.78
2024-09-18T18:36-04:00,181,861920.44
2024-09-18T19:11-04:00,176,837533.34
2024-09-18T19:34-04:00,171,886413.37
2024-09-18T20:55-04:00,180,857405.83
2024-09-18T22:11-04:00,179,891180.75
2024-09-18T22:57-04:00,170,878722.96
2024-09-18T23:18-04:00,166,878141.57
2024-09-18T23:38-04:00,161,866063.09
2024-09-19T00:14-04:00,146,738886.36
2024-09-19T00:39-04:00,147,735678.76
2024-09-19T01:11-04:00,140,720809.09
2024-09-19T01:36-04:00,138,722466.64
2024-09-19T02:16-04:00,136,717251.3
2024-09-19T02:42-04:00,136,717062.92
2024-09-19T03:11-04:00,132,694980.97
2024-09-19T03:34-04:00,132,692861.26
2024-09-19T04:16-04:00,133,702231.85
2024-09-19T04:40-04:00,134,706131.97
2024-09-19T05:12-04:00,136,706866.48
2024-09-19T05:35-04:00,133,699763.27
2024-09-19T06:12-04:00,139,699477.65
2024-09-19T06:39-04:00,144,701007.15
2024-09-19T07:10-04:00,152,738797.7
2024-09-19T07:34-04:00,158,759702.85
2024-09-19T08:21-04:00,173,869516.13
2024-09-19T08:56-04:00,170,840322.71
2024-09-19T09:20-04:00,181,894863.82
2024-09-19T09:38-04:00,191,985828.94
2024-09-19T10:11-04:00,192,984911.87
2024-09-19T10:37-04:00,197,987249.21
2024-09-19T11:12-04:00,199,1025037.1
2024-09-19T11:36-04:00,199,985321.24
2024-09-19T12:14-04:00,185,911394.47
2024-09-19T12:42-04:00,193,952595.4
2024-09-19T13:10-04:00,186,913287.14
2024-09-19T13:35-04:00,178,904035.3
2024-09-19T14:15-04:00,178,899606.58
2024-09-19T14:40-04:00,178,1014871.27
2024-09-19T15:09-04:00,178,981153.01
2024-09-19T15:34-04:00,184,966825.65
2024-09-19T16:12-04:00,184,953264.51
2024-09-19T16:35-04:00,185,915493.85
2024-09-19T17:10-04:00,184,911610.75
2024-09-19T17:34-04:00,193,975224.06
2024-09-19T18:11-04:00,197,974458.64
2024-09-19T18:36-04:00,189,896847.2
2024-09-19T19:12-04:00,184,873778.54
2024-09-19T19:34-04:00,182,863517.11
2024-09-19T20:55-04:00,190,955542.5
2024-09-19T22:11-04:00,181,939095.54
2024-09-19T22:57-04:00,173,949043.8
2024-09-19T23:19-04:00,169,925925.83
2024-09-19T23:38-04:00,164,891674.1
2024-09-20T00:14-04:00,143,806890.17
2024-09-20T00:39-04:00,144,789300.11
2024-09-20T01:12-04:00,140,768852.77
2024-09-20T01:37-04:00,134,722575.37
2024-09-20T02:16-04:00,132,718536.52
2024-09-20T02:42-04:00,133,723646.6
2024-09-20T03:12-04:00,129,719893.26
2024-09-20T03:33-04:00,128,719103.51
2024-09-20T04:15-04:00,126,716118.89
2024-09-20T04:39-04:00,130,750596.06
2024-09-20T05:15-04:00,130,750729.42
2024-09-20T05:38-04:00,131,750933.25
2024-09-20T06:12-04:00,138,763136.95
2024-09-20T06:38-04:00,144,725850.37
2024-09-20T07:10-04:00,147,736812.15
2024-09-20T07:34-04:00,156,784894.18
2024-09-20T08:21-04:00,151,790706.45
2024-09-20T08:55-04:00,152,758518.61
2024-09-20T09:19-04:00,161,782498.23
2024-09-20T09:37-04:00,162,845478.33
2024-09-20T10:11-04:00,160,819667.87
2024-09-20T10:36-04:00,175,910989.05
2024-09-20T11:12-04:00,170,900943.23
2024-09-20T11:36-04:00,170,873857.46
2024-09-20T12:14-04:00,162,845160.67
2024-09-20T12:41-04:00,152,885784.75
2024-09-20T13:10-04:00,149,889939.16
2024-09-20T13:35-04:00,157,931963.98
2024-09-20T14:15-04:00,153,841553.55
2024-09-20T14:41-04:00,149,904393.17
2024-09-20T15:09-04:00,159,931829.3
2024-09-20T15:34-04:00,164,962182.85
2024-09-20T16:12-04:00,174,956365.54
2024-09-20T16:36-04:00,182,988832.54
2024-09-20T17:10-04:00,177,1024605.88
2024-09-20T17:34-04:00,186,1031522.22
2024-09-20T18:12-04:00,183,995943.73
2024-09-20T18:38-04:00,186,1019986.81
2024-09-20T19:11-04:00,180,952560.31
2024-09-20T19:34-04:00,180,975557.01
2024-09-20T20:54-04:00,170,937669.18
2024-09-20T22:08-04:00,165,894926.1
2024-09-20T22:55-04:00,155,908726.48
2024-09-20T23:13-04:00,152,859550.93
2024-09-20T23:36-04:00,149,882772.37
2024-09-21T00:13-04:00,137,789230.24
2024-09-21T00:38-04:00,132,767661.66
2024-09-21T01:10-04:00,126,746314.22
2024-09-21T01:36-04:00,123,728110.11
2024-09-21T02:14-04:00,121,703395.36
2024-09-21T02:40-04:00,119,698773.64
2024-09-21T03:10-04:00,118,702444.9
2024-09-21T03:34-04:00,118,698558.04
2024-09-21T04:13-04:00,119,708420.76
2024-09-21T04:37-04:00,118,688812.85
2024-09-21T05:10-04:00,124,721235.43
2024-09-21T05:33-04:00,123,713699.53
2024-09-21T06:10-04:00,127,729539.11
2024-09-21T06:36-04:00,133,736143.15
2024-09-21T07:08-04:00,137,743224.31
2024-09-21T07:34-04:00,138,741291.53
2024-09-21T08:19-04:00,145,781855.02
2024-09-21T08:51-04:00,143,851613.96
2024-09-21T09:14-04:00,152,937799.29
2024-09-21T09:33-04:00,159,947981.89
2024-09-21T10:09-04:00,164,997692.91
2024-09-21T10:35-04:00,167,1007176.99
2024-09-21T11:12-04:00,165,947763.86
2024-09-21T11:35-04:00,174,1012596.58
2024-09-21T12:14-04:00,169,994312.31
2024-09-21T12:40-04:00,156,973267.32
2024-09-21T13:10-04:00,156,891910.72
2024-09-21T13:36-04:00,148,813952.39
2024-09-21T14:14-04:00,151,864071.04
2024-09-21T14:39-04:00,155,843249.24
2024-09-21T15:08-04:00,160,875011.33
2024-09-21T15:34-04:00,165,924633.15
2024-09-21T16:11-04:00,161,893715.92
2024-09-21T16:33-04:00,158,878990.95
2024-09-21T17:09-04:00,156,847024.82
2024-09-21T17:35-04:00,157,834086.83
2024-09-21T18:10-04:00,152,848453.89
2024-09-21T18:35-04:00,150,834062.22
2024-09-21T19:10-04:00,150,777601.9
2024-09-21T19:34-04:00,148,769080.9
2024-09-21T21:00-04:00,151,781306.98
2024-09-21T22:37-04:00,142,778447.63
2024-09-21T23:18-04:00,135,768487.78
2024-09-21T23:40-04:00,131,744813.88
2024-09-22T00:16-04:00,120,667167.6
2024-09-22T00:40-04:00,120,673978.86
2024-09-22T01:11-04:00,116,650747.63
2024-09-22T01:36-04:00,113,643133.21
2024-09-22T02:15-04:00,112,639602.54
2024-09-22T02:40-04:00,110,640815.94
2024-09-22T03:10-04:00,108,619314.26
2024-09-22T03:34-04:00,106,618959.49
2024-09-22T04:13-04:00,108,621918.66
2024-09-22T04:37-04:00,108,621880.89
2024-09-22T05:11-04:00,112,626765.97
2024-09-22T05:33-04:00,112,627337.64
2024-09-22T06:11-04:00,122,639656.89
2024-09-22T06:36-04:00,126,644881.67
2024-09-22T07:08-04:00,135,665457.55
2024-09-22T07:34-04:00,139,709649.5
2024-09-22T08:20-04:00,143,709434.33
2024-09-22T08:52-04:00,139,672852.96
2024-09-22T09:15-04:00,151,753248.15
2024-09-22T09:34-04:00,157,820189.06
2024-09-22T10:09-04:00,161,876450.44
2024-09-22T10:35-04:00,160,831411.0
2024-09-22T11:10-04:00,169,834961.54
2024-09-22T11:34-04:00,169,808458.97
2024-09-22T12:12-04:00,161,783471.95
2024-09-22T12:39-04:00,162,780781.57
2024-09-22T13:10-04:00,168,805059.59
2024-09-22T13:35-04:00,163,766668.93
2024-09-22T14:14-04:00,160,746445.69
2024-09-22T14:38-04:00,170,808321.64
2024-09-22T15:08-04:00,169,806484.67
2024-09-22T15:34-04:00,164,794998.56
2024-09-22T16:12-04:00,164,838578.6
2024-09-22T16:34-04:00,169,842350.0
2024-09-22T17:10-04:00,168,810112.37
2024-09-22T17:34-04:00,169,812602.42
2024-09-22T18:11-04:00,170,782797.95
2024-09-22T18:36-04:00,167,778449.82
2024-09-22T19:12-04:00,175,839011.88
2024-09-22T19:35-04:00,174,839391.69
2024-09-22T20:57-04:00,171,814138.26
2024-09-22T22:15-04:00,163,814138.82
2024-09-22T23:01-04:00,149,770534.12
2024-09-22T23:40-04:00,139,733165.76
2024-09-23T00:14-04:00,132,665786.37
2024-09-23T00:39-04:00,125,623600.25
2024-09-23T01:12-04:00,124,619443.95
2024-09-23T01:38-04:00,121,613682.33
2024-09-23T02:17-04:00,120,613004.04
2024-09-23T02:43-04:00,117,593181.55
2024-09-23T03:11-04:00,114,572227.93
2024-09-23T03:34-04:00,116,573509.63
2024-09-23T04:16-04:00,117,575989.61
2024-09-23T04:42-04:00,121,586195.98
2024-09-23T05:14-04:00,120,584432.66
2024-09-23T05:38-04:00,125,589545.44
2024-09-23T06:14-04:00,128,590208.11
2024-09-23T06:41-04:00,130,639596.89
2024-09-23T07:09-04:00,139,655846.81
2024-09-23T07:34-04:00,144,704303.82
2024-09-23T08:22-04:00,154,775253.27
2024-09-23T08:57-04:00,159,748431.26
2024-09-23T09:24-04:00,157,769046.41
2024-09-23T09:39-04:00,161,829495.21
2024-09-23T10:11-04:00,166,851677.44
2024-09-23T10:38-04:00,161,819084.75
2024-09-23T11:12-04:00,169,845249.05
2024-09-23T11:35-04:00,169,786454.58
2024-09-23T12:14-04:00,172,813720.73
2024-09-23T12:42-04:00,177,760798.64
2024-09-23T13:10-04:00,180,801553.73
2024-09-23T13:36-04:00,176,835075.22
2024-09-23T14:15-04:00,178,820935.35
2024-09-23T14:41-04:00,166,797506.5
2024-09-23T15:09-04:00,167,794892.8
2024-09-23T15:34-04:00,164,835107.82
2024-09-23T16:13-04:00,172,867724.0
2024-09-23T16:36-04:00,175,894757.83
2024-09-23T17:11-04:00,179,869366.94
2024-09-23T17:34-04:00,179,947596.18
2024-09-23T18:11-04:00,182,960783.08
2024-09-23T18:38-04:00,190,951414.86
2024-09-23T19:11-04:00,186,967950.46
2024-09-23T19:34-04:00,179,860790.07
2024-09-23T20:57-04:00,184,952346.18
2024-09-23T22:16-04:00,179,981676.87
2024-09-23T23:00-04:00,163,919016.06
2024-09-23T23:40-04:00,145,840589.67
2024-09-24T00:14-04:00,132,711924.24
2024-09-24T00:39-04:00,125,675231.98
2024-09-24T01:12-04:00,120,653797.83
2024-09-24T01:37-04:00,121,654082.73
2024-09-24T02:17-04:00,119,643840.23
2024-09-24T02:43-04:00,116,636611.72
2024-09-24T03:11-04:00,117,640868.13
2024-09-24T03:34-04:00,116,640155.6
2024-09-24T04:16-04:00,116,640071.54
2024-09-24T04:41-04:00,115,620977.08
2024-09-24T05:13-04:00,115,632325.55
2024-09-24T05:36-04:00,118,661367.66
2024-09-24T06:12-04:00,127,692091.21
2024-09-24T06:40-04:00,135,704430.44
2024-09-24T07:09-04:00,142,707495.22
2024-09-24T07:34-04:00,146,715673.0
2024-09-24T08:23-04:00,159,791569.09
2024-09-24T08:58-04:00,166,830758.24
2024-09-24T09:25-04:00,158,806654.33
2024-09-24T09:39-04:00,160,803904.67
2024-09-24T10:10-04:00,168,995129.96
2024-09-24T10:38-04:00,170,997304.33
2024-09-24T11:12-04:00,179,1030130.18
2024-09-24T11:37-04:00,179,1033521.54
2024-09-24T12:14-04:00,181,1033505.81
2024-09-24T12:43-04:00,189,1043992.42
2024-09-24T13:11-04:00,186,1048735.62
2024-09-24T13:37-04:00,182,1038763.91
2024-09-24T14:15-04:00,187,1003203.84
2024-09-24T14:42-04:00,184,943474.88
2024-09-24T15:09-04:00,190,958031.66
2024-09-24T15:35-04:00,187,910221.16
2024-09-24T16:13-04:00,189,1068497.29
2024-09-24T16:36-04:00,196,1085364.26
2024-09-24T17:10-04:00,200,1090517.93
2024-09-24T17:35-04:00,197,1057451.0
2024-09-24T18:11-04:00,195,1068539.23
2024-09-24T18:37-04:00,202,1080837.83
2024-09-24T19:11-04:00,194,1149414.78
2024-09-24T19:34-04:00,201,1120190.09
2024-09-24T20:57-04:00,196,1038534.82
2024-09-24T22:17-04:00,186,1007906.46
2024-09-24T23:03-04:00,178,947240.46
2024-09-24T23:42-04:00,165,865316.99
2024-09-25T00:14-04:00,148,725207.86
2024-09-25T00:39-04:00,148,722007.36
2024-09-25T01:12-04:00,143,693027.84
2024-09-25T01:38-04:00,138,689293.68
2024-09-25T02:17-04:00,138,666610.11
2024-09-25T02:43-04:00,137,666257.75
2024-09-25T03:12-04:00,136,665389.83
2024-09-25T03:34-04:00,134,667757.47
2024-09-25T04:16-04:00,137,673015.84
2024-09-25T04:42-04:00,136,662254.32
2024-09-25T05:13-04:00,139,667838.43
2024-09-25T05:36-04:00,142,708039.51
2024-09-25T06:13-04:00,147,749531.49
2024-09-25T06:40-04:00,153,750285.61
2024-09-25T07:10-04:00,159,741318.32
2024-09-25T07:34-04:00,166,759767.25
2024-09-25T08:23-04:00,173,824421.96
2024-09-25T08:58-04:00,174,839312.02
2024-09-25T09:26-04:00,178,976459.35
2024-09-25T09:40-04:00,183,958582.26
2024-09-25T10:11-04:00,191,996863.46
2024-09-25T10:38-04:00,201,1019359.62
2024-09-25T11:12-04:00,199,1072749.78
2024-09-25T11:37-04:00,196,1083279.83
2024-09-25T12:15-04:00,194,1027126.1
2024-09-25T12:45-04:00,199,1019337.02
2024-09-25T13:10-04:00,193,995596.29
2024-09-25T13:36-04:00,192,951496.15
2024-09-25T14:15-04:00,177,994002.68
2024-09-25T14:41-04:00,179,957427.57
2024-09-25T15:08-04:00,174,936151.75
2024-09-25T15:34-04:00,178,968030.32
2024-09-25T16:13-04:00,181,1010474.26
2024-09-25T16:35-04:00,187,987608.01
2024-09-25T17:11-04:00,194,1009612.95
2024-09-25T17:35-04:00,200,978611.59
2024-09-25T18:11-04:00,206,995152.3
2024-09-25T18:37-04:00,206,995593.63
2024-09-25T19:11-04:00,204,1023922.39
2024-09-25T19:34-04:00,197,1007152.58
2024-09-25T20:56-04:00,200,1023580.38
2024-09-25T22:14-04:00,193,1038736.02
2024-09-25T23:01-04:00,190,890265.48
2024-09-25T23:41-04:00,170,813196.06
2024-09-26T00:14-04:00,151,737406.73
2024-09-26T00:40-04:00,150,667278.86
2024-09-26T01:12-04:00,151,679641.41
2024-09-26T01:37-04:00,152,685498.94
2024-09-26T02:17-04:00,149,672805.32
2024-09-26T02:43-04:00,147,660193.24
2024-09-26T03:12-04:00,144,652095.24
2024-09-26T03:34-04:00,144,651472.97
2024-09-26T04:15-04:00,145,651672.97
2024-09-26T04:41-04:00,146,652227.06
2024-09-26T05:13-04:00,152,661449.77
2024-09-26T05:38-04:00,151,661605.08
2024-09-26T06:12-04:00,161,676962.21
2024-09-26T06:39-04:00,169,737009.57
2024-09-26T07:10-04:00,175,744869.19
2024-09-26T07:35-04:00,179,768013.75
2024-09-26T08:58-04:00,187,822884.61
2024-09-26T09:26-04:00,196,960986.29
2024-09-26T09:40-04:00,192,950886.72
2024-09-26T10:10-04:00,176,998782.02
2024-09-26T10:39-04:00,183,1020551.89
2024-09-26T11:12-04:00,192,1005117.08
2024-09-26T11:37-04:00,193,1018684.5
2024-09-26T12:14-04:00,178,982325.12
2024-09-26T12:42-04:00,187,1026623.57
2024-09-26T13:12-04:00,192,1078159.06
2024-09-26T13:38-04:00,190,1082204.32
2024-09-26T14:14-04:00,192,1090560.28
2024-09-26T14:41-04:00,195,1097050.37
2024-09-26T15:09-04:00,193,1137378.87
2024-09-26T15:34-04:00,197,1128069.84
2024-09-26T16:12-04:00,208,1201495.19
2024-09-26T16:35-04:00,215,1200971.3
2024-09-26T17:10-04:00,228,1165796.62
2024-09-26T17:35-04:00,225,1152266.58
2024-09-26T18:11-04:00,230,1164167.3
2024-09-26T18:37-04:00,223,1135929.71
2024-09-26T19:12-04:00,209,1037784.99
2024-09-26T19:36-04:00,191,1010565.42
2024-09-26T20:56-04:00,191,983587.65
2024-09-26T22:15-04:00,192,1086499.66
2024-09-26T23:01-04:00,173,897053.51
2024-09-26T23:41-04:00,161,795785.98
2024-09-27T00:14-04:00,151,848472.29
2024-09-27T00:41-04:00,145,822206.48
2024-09-27T01:11-04:00,146,818894.59
2024-09-27T01:38-04:00,142,801280.74
2024-09-27T02:17-04:00,139,794753.92
2024-09-27T02:44-04:00,139,762176.28
2024-09-27T03:12-04:00,139,762166.33
2024-09-27T03:34-04:00,141,766467.82
2024-09-27T04:15-04:00,142,787321.84
2024-09-27T04:40-04:00,143,827566.22
2024-09-27T05:13-04:00,147,835703.95
2024-09-27T05:36-04:00,146,830126.35
2024-09-27T06:12-04:00,150,831907.97
2024-09-27T06:39-04:00,157,831077.8
2024-09-27T07:10-04:00,163,871382.85
2024-09-27T07:34-04:00,166,866393.12
2024-09-27T08:22-04:00,163,903259.88
2024-09-27T08:57-04:00,166,894833.94
2024-09-27T09:23-04:00,177,1007397.64
2024-09-27T09:38-04:00,184,1010951.08
2024-09-27T10:11-04:00,185,1023638.19
2024-09-27T10:38-04:00,190,1112004.44
2024-09-27T11:12-04:00,185,1048595.92
2024-09-27T11:37-04:00,193,1007989.81
2024-09-27T12:14-04:00,187,1000782.34
2024-09-27T12:42-04:00,182,1033726.1
2024-09-27T13:11-04:00,157,935260.28
2024-09-27T13:36-04:00,149,925817.17
2024-09-27T14:15-04:00,142,916816.81
2024-09-27T14:42-04:00,148,917460.91
2024-09-27T15:10-04:00,150,933671.25
2024-09-27T15:34-04:00,154,995781.84
2024-09-27T16:12-04:00,160,985137.3
2024-09-27T16:35-04:00,165,994817.15
2024-09-27T17:10-04:00,173,1039335.57
2024-09-27T17:35-04:00,179,1077211.3
2024-09-27T18:11-04:00,184,1115704.72
2024-09-27T18:37-04:00,181,1068607.33
2024-09-27T19:11-04:00,183,1072507.49
2024-09-27T19:34-04:00,182,1042510.72
2024-09-27T20:56-04:00,170,1012551.48
2024-09-27T22:13-04:00,171,997132.54
2024-09-27T22:59-04:00,169,949999.82
2024-09-27T23:25-04:00,149,867829.98
2024-09-27T23:39-04:00,149,906989.76
2024-09-28T00:13-04:00,137,876757.93
2024-09-28T00:38-04:00,136,871416.09
2024-09-28T01:10-04:00,134,869474.9
2024-09-28T01:36-04:00,130,804242.09
2024-09-28T02:14-04:00,129,783307.08
2024-09-28T02:40-04:00,128,782955.31
2024-09-28T03:10-04:00,129,788079.36
2024-09-28T03:34-04:00,130,788584.36
2024-09-28T04:14-04:00,126,690567.96
2024-09-28T04:38-04:00,128,720567.96
2024-09-28T05:11-04:00,130,722327.58
2024-09-28T05:33-04:00,130,727324.76
2024-09-28T06:10-04:00,141,739004.22
2024-09-28T06:37-04:00,145,752667.19
2024-09-28T07:10-04:00,152,833909.81
2024-09-28T07:34-04:00,157,860921.85
2024-09-28T08:20-04:00,155,864541.84
2024-09-28T08:53-04:00,152,887235.85
2024-09-28T09:15-04:00,159,929279.66
2024-09-28T09:34-04:00,165,940086.93
2024-09-28T10:09-04:00,171,1015457.78
2024-09-28T10:35-04:00,171,994939.84
2024-09-28T11:12-04:00,174,981029.45
2024-09-28T11:37-04:00,182,983762.06
2024-09-28T12:13-04:00,179,950990.63
2024-09-28T12:39-04:00,179,948797.8
2024-09-28T13:09-04:00,178,939555.16
2024-09-28T13:34-04:00,176,974027.11
2024-09-28T14:14-04:00,179,1023811.49
2024-09-28T14:39-04:00,181,1054248.24
2024-09-28T15:09-04:00,185,997514.37
2024-09-28T15:34-04:00,182,984287.4
2024-09-28T16:12-04:00,189,1046034.74
2024-09-28T16:34-04:00,181,1008942.08
2024-09-28T17:10-04:00,175,963573.47
2024-09-28T17:33-04:00,180,1052806.82
2024-09-28T18:10-04:00,173,1042179.84
2024-09-28T18:36-04:00,175,1032631.54
2024-09-28T19:11-04:00,180,988780.24
2024-09-28T19:35-04:00,182,1040939.11
2024-09-28T21:01-04:00,178,1039586.37
2024-09-28T22:39-04:00,160,953544.45
2024-09-28T23:21-04:00,150,865747.63
2024-09-28T23:42-04:00,145,863989.08
2024-09-29T00:14-04:00,141,812535.68
2024-09-29T00:38-04:00,139,795645.44
2024-09-29T01:11-04:00,136,771461.42
2024-09-29T01:36-04:00,135,771116.97
2024-09-29T02:15-04:00,134,775453.13
2024-09-29T02:41-04:00,135,780636.13
2024-09-29T03:10-04:00,128,737697.41
2024-09-29T03:34-04:00,129,738197.41
2024-09-29T04:14-04:00,125,732216.42
2024-09-29T04:39-04:00,125,732677.19
2024-09-29T05:12-04:00,128,776948.81
2024-09-29T05:34-04:00,131,793625.62
2024-09-29T06:11-04:00,135,807178.27
2024-09-29T06:37-04:00,142,847577.38
2024-09-29T07:08-04:00,148,853069.48
2024-09-29T07:34-04:00,151,867996.29
2024-09-29T08:20-04:00,145,804671.53
2024-09-29T08:53-04:00,143,815649.35
2024-09-29T09:16-04:00,148,862879.88
2024-09-29T09:34-04:00,149,882505.17
2024-09-29T10:10-04:00,156,917481.06
2024-09-29T10:35-04:00,164,999386.78
2024-09-29T11:12-04:00,166,1017297.25
2024-09-29T11:35-04:00,169,1038060.36
2024-09-29T12:13-04:00,171,970057.12
2024-09-29T12:40-04:00,175,956880.97
2024-09-29T13:09-04:00,177,1004404.4
2024-09-29T13:35-04:00,183,1050296.22
2024-09-29T14:14-04:00,180,1033518.46
2024-09-29T14:40-04:00,184,1018943.12
2024-09-29T15:08-04:00,184,1061706.72
2024-09-29T15:34-04:00,185,1059369.2
2024-09-29T16:11-04:00,190,1149574.79
2024-09-29T16:34-04:00,191,1133805.2
2024-09-29T17:10-04:00,188,1059563.11
2024-09-29T17:34-04:00,188,1018275.31
2024-09-29T18:10-04:00,183,1040154.65
2024-09-29T18:36-04:00,183,1055801.94
2024-09-29T19:10-04:00,180,1028359.53
2024-09-29T19:34-04:00,188,1109467.69
2024-09-29T20:59-04:00,182,1082321.1
2024-09-29T22:22-04:00,161,954986.86
2024-09-29T23:06-04:00,147,808386.56
2024-09-29T23:44-04:00,142,799558.34
2024-09-30T00:15-04:00,139,797721.15
2024-09-30T00:40-04:00,135,796564.91
2024-09-30T01:12-04:00,133,795103.79
2024-09-30T01:38-04:00,132,776479.64
2024-09-30T02:18-04:00,128,771399.52
2024-09-30T02:44-04:00,130,775200.87
2024-09-30T03:12-04:00,128,768661.37
2024-09-30T03:34-04:00,126,764496.22
2024-09-30T04:17-04:00,122,728209.94
2024-09-30T04:42-04:00,123,761235.36
2024-09-30T05:14-04:00,127,824961.08
2024-09-30T05:37-04:00,128,860065.34
2024-09-30T06:13-04:00,136,879051.32
2024-09-30T06:41-04:00,139,886103.72
2024-09-30T07:10-04:00,148,928568.13
2024-09-30T07:34-04:00,151,982382.14
2024-09-30T08:24-04:00,148,959753.48
2024-09-30T08:59-04:00,150,955232.42
2024-09-30T09:29-04:00,152,922601.39
2024-09-30T09:43-04:00,153,934019.69
2024-09-30T10:11-04:00,146,927078.2
2024-09-30T10:39-04:00,149,986515.01
2024-09-30T11:12-04:00,154,891081.25
2024-09-30T11:38-04:00,166,1012501.23
2024-09-30T12:14-04:00,160,973879.64
2024-09-30T12:44-04:00,161,1014319.94
2024-09-30T13:11-04:00,163,999893.46
2024-09-30T13:36-04:00,161,987159.5
2024-09-30T14:16-04:00,151,966947.92
2024-09-30T14:42-04:00,149,929984.69
2024-09-30T15:08-04:00,150,927310.98
2024-09-30T15:34-04:00,150,965856.0
2024-09-30T16:13-04:00,147,925828.43
2024-09-30T16:36-04:00,139,868668.02
2024-09-30T17:11-04:00,144,936140.45
2024-09-30T17:35-04:00,150,921191.84
2024-09-30T18:11-04:00,147,887226.3
2024-09-30T18:37-04:00,138,841866.24
2024-09-30T19:11-04:00,133,802618.59
2024-09-30T19:35-04:00,135,838481.46
2024-09-30T21:02-04:00,133,771633.28
2024-09-30T22:43-04:00,145,885657.45
2024-09-30T23:26-04:00,127,835773.2
2024-09-30T23:46-04:00,121,819058.95
2024-10-01T00:14-04:00,112,770394.56
2024-10-01T00:40-04:00,112,725152.68
2024-10-01T01:12-04:00,113,740505.45
2024-10-01T01:38-04:00,111,699662.69
2024-10-01T02:17-04:00,107,666728.01
2024-10-01T02:44-04:00,107,655306.19
2024-10-01T03:12-04:00,104,620885.11
2024-10-01T03:34-04:00,104,621240.11
2024-10-01T04:16-04:00,104,617931.96
2024-10-01T04:42-04:00,106,623611.76
2024-10-01T05:13-04:00,108,624410.41
2024-10-01T05:37-04:00,109,643133.74
2024-10-01T06:12-04:00,114,654034.19
2024-10-01T06:41-04:00,121,712186.49
2024-10-01T07:09-04:00,130,760010.86
2024-10-01T07:34-04:00,127,782895.56
2024-10-01T08:23-04:00,118,791176.98
2024-10-01T08:58-04:00,130,799034.47
2024-10-01T09:26-04:00,138,808730.5
2024-10-01T09:41-04:00,134,787970.23
2024-10-01T10:11-04:00,125,810380.06
2024-10-01T10:38-04:00,132,863419.26
2024-10-01T11:12-04:00,144,916620.13
2024-10-01T11:37-04:00,156,993048.4
2024-10-01T12:15-04:00,166,1082922.25
2024-10-01T12:43-04:00,168,1058699.46
2024-10-01T13:10-04:00,154,970296.85
2024-10-01T13:36-04:00,153,938014.27
2024-10-01T14:16-04:00,157,973397.65
2024-10-01T14:42-04:00,164,1070276.23
2024-10-01T15:09-04:00,161,945920.42
2024-10-01T15:34-04:00,159,995595.84
2024-10-01T16:12-04:00,166,1036945.31
2024-10-01T16:36-04:00,172,1044170.81
2024-10-01T17:11-04:00,172,1023025.43
2024-10-01T17:35-04:00,171,1028077.83
2024-10-01T18:11-04:00,169,1128622.22
2024-10-01T18:37-04:00,166,1074633.47
2024-10-01T19:11-04:00,152,1076846.08
2024-10-01T19:34-04:00,147,982071.76
2024-10-01T20:57-04:00,157,965588.5
2024-10-01T22:15-04:00,149,978055.77
2024-10-01T23:00-04:00,136,862142.17
2024-10-01T23:41-04:00,130,799819.43
2024-10-02T00:14-04:00,120,711358.81
2024-10-02T00:39-04:00,110,690803.11
2024-10-02T01:12-04:00,110,708675.01
2024-10-02T01:37-04:00,107,679758.82
2024-10-02T02:17-04:00,102,672007.43
2024-10-02T02:42-04:00,100,668552.73
2024-10-02T03:11-04:00,101,668587.13
2024-10-02T03:34-04:00,100,649666.05
2024-10-02T04:15-04:00,99,619652.53
2024-10-02T04:41-04:00,101,651658.44
2024-10-02T05:12-04:00,102,651781.82
2024-10-02T05:36-04:00,109,779115.12
2024-10-02T06:12-04:00,121,840242.61
2024-10-02T06:39-04:00,128,859536.19
2024-10-02T07:10-04:00,138,872209.17
2024-10-02T07:34-04:00,141,877862.09
2024-10-02T08:23-04:00,144,975389.43
2024-10-02T08:57-04:00,139,986196.07
2024-10-02T09:23-04:00,144,977113.85
2024-10-02T09:38-04:00,148,1011223.03
2024-10-02T10:11-04:00,151,1050651.92
2024-10-02T10:37-04:00,154,1028523.25
2024-10-02T11:12-04:00,163,1085570.65
2024-10-02T11:37-04:00,174,1097361.12
2024-10-02T12:14-04:00,167,1084404.74
2024-10-02T12:42-04:00,173,1054507.14
2024-10-02T13:10-04:00,177,1108211.44
2024-10-02T13:36-04:00,180,1082595.64
2024-10-02T14:16-04:00,183,1140084.92
2024-10-02T14:42-04:00,181,1087892.69
2024-10-02T15:09-04:00,184,1120243.48
2024-10-02T15:34-04:00,194,1157321.39
2024-10-02T16:13-04:00,196,1165046.96
2024-10-02T16:38-04:00,204,1217671.34
2024-10-02T17:13-04:00,185,1076182.12
2024-10-02T17:36-04:00,179,1102417.35
2024-10-02T18:12-04:00,180,1142269.19
2024-10-02T18:38-04:00,175,1123794.16
2024-10-02T19:11-04:00,178,1075780.3
2024-10-02T19:34-04:00,177,1099823.96
2024-10-02T20:56-04:00,178,1089377.27
2024-10-02T22:15-04:00,185,1080161.95
2024-10-02T23:01-04:00,165,986384.87
2024-10-02T23:40-04:00,149,845765.4
2024-10-03T00:15-04:00,142,785092.39
2024-10-03T00:41-04:00,138,776274.41
2024-10-03T01:12-04:00,141,779160.46
2024-10-03T01:38-04:00,136,758123.27
2024-10-03T02:16-04:00,128,691718.25
2024-10-03T02:43-04:00,130,697313.34
2024-10-03T03:12-04:00,130,697043.61
2024-10-03T03:34-04:00,130,697273.39
2024-10-03T04:15-04:00,132,678808.49
2024-10-03T04:41-04:00,132,689671.85
2024-10-03T05:12-04:00,139,738742.93
2024-10-03T05:36-04:00,138,741244.99
2024-10-03T06:12-04:00,144,848552.43
2024-10-03T06:40-04:00,152,917372.77
2024-10-03T07:09-04:00,166,969557.71
2024-10-03T07:34-04:00,170,967604.27
2024-10-03T08:22-04:00,180,1006381.57
2024-10-03T08:57-04:00,180,1003439.63
2024-10-03T09:23-04:00,172,981507.32
2024-10-03T09:39-04:00,170,965896.97
2024-10-03T10:11-04:00,184,1053975.08
2024-10-03T10:38-04:00,191,1134848.89
2024-10-03T11:12-04:00,192,1127812.67
2024-10-03T11:37-04:00,194,1112066.59
2024-10-03T12:14-04:00,200,1145686.65
2024-10-03T12:42-04:00,212,1202643.28
2024-10-03T13:10-04:00,216,1212459.24
2024-10-03T13:37-04:00,216,1222834.07
2024-10-03T14:15-04:00,208,1148837.9
2024-10-03T14:42-04:00,208,1126534.33
2024-10-03T15:09-04:00,203,1189251.23
2024-10-03T15:35-04:00,197,1091536.0
2024-10-03T16:12-04:00,201,1144571.66
2024-10-03T16:36-04:00,200,1076031.43
2024-10-03T17:10-04:00,206,1128381.03
2024-10-03T17:34-04:00,193,1100721.74
2024-10-03T18:11-04:00,195,1184338.81
2024-10-03T18:38-04:00,202,1171348.01
2024-10-03T19:12-04:00,190,1128766.59
2024-10-03T19:35-04:00,188,1087740.95
2024-10-03T20:57-04:00,158,1001200.87
2024-10-03T22:15-04:00,159,927162.56
2024-10-03T23:01-04:00,144,836861.55
2024-10-03T23:40-04:00,132,829632.11
2024-10-04T00:14-04:00,128,814350.75
2024-10-04T00:39-04:00,128,813724.71
2024-10-04T01:12-04:00,125,772538.76
2024-10-04T01:38-04:00,124,772261.64
2024-10-04T02:17-04:00,121,751129.53
2024-10-04T02:43-04:00,120,744038.88
2024-10-04T03:11-04:00,121,745833.98
2024-10-04T03:34-04:00,121,745902.86
2024-10-04T04:15-04:00,120,760507.76
2024-10-04T04:40-04:00,120,782164.4
2024-10-04T05:12-04:00,120,781768.17
2024-10-04T05:37-04:00,121,786981.11
2024-10-04T06:13-04:00,132,832001.84
2024-10-04T06:40-04:00,137,879178.61
2024-10-04T07:10-04:00,143,867979.36
2024-10-04T07:34-04:00,150,775243.57
2024-10-04T08:22-04:00,143,727634.58
2024-10-04T08:57-04:00,149,856282.91
2024-10-04T09:22-04:00,151,794958.77
2024-10-04T09:38-04:00,149,859655.3
2024-10-04T10:12-04:00,155,907762.71
2024-10-04T10:36-04:00,161,957316.81
2024-10-04T11:12-04:00,174,1021003.07
2024-10-04T11:36-04:00,179,1009996.71
2024-10-04T12:15-04:00,185,1185566.87
2024-10-04T12:42-04:00,176,1155508.47
2024-10-04T13:10-04:00,175,1069860.81
2024-10-04T13:36-04:00,182,1106220.1
2024-10-04T14:15-04:00,174,1086225.4
2024-10-04T14:41-04:00,177,1109000.48
2024-10-04T15:09-04:00,169,1056960.48
2024-10-04T15:34-04:00,171,1077087.29
2024-10-04T16:12-04:00,171,1015286.35
2024-10-04T16:35-04:00,176,1068065.87
2024-10-04T17:10-04:00,172,1108423.52
2024-10-04T17:34-04:00,177,1099049.31
2024-10-04T18:11-04:00,176,1055658.27
2024-10-04T18:37-04:00,176,1038145.59
2024-10-04T19:11-04:00,169,1043133.3
2024-10-04T19:34-04:00,166,1027786.17
2024-10-04T20:56-04:00,142,938295.54
2024-10-04T22:13-04:00,156,992342.24
2024-10-04T22:59-04:00,147,905234.18
2024-10-04T23:24-04:00,137,868902.72
2024-10-04T23:39-04:00,134,860566.77
2024-10-05T00:14-04:00,131,765213.51
2024-10-05T00:39-04:00,132,857256.58
2024-10-05T01:11-04:00,131,818474.86
2024-10-05T01:37-04:00,128,804736.12
2024-10-05T02:15-04:00,126,794169.45
2024-10-05T02:41-04:00,124,772864.73
2024-10-05T03:11-04:00,123,772444.38
2024-10-05T03:33-04:00,121,770514.33
2024-10-05T04:14-04:00,121,769506.0
2024-10-05T04:39-04:00,121,769314.33
2024-10-05T05:14-04:00,125,775602.57
2024-10-05T05:35-04:00,127,786782.03
2024-10-05T06:11-04:00,130,787139.01
2024-10-05T06:37-04:00,134,790719.84
2024-10-05T07:10-04:00,135,793868.27
2024-10-05T07:34-04:00,135,804014.66
2024-10-05T08:20-04:00,146,829656.11
2024-10-05T08:53-04:00,141,823138.86
2024-10-05T09:16-04:00,145,900330.16
2024-10-05T09:34-04:00,147,901371.64
2024-10-05T10:09-04:00,155,1066766.39
2024-10-05T10:35-04:00,167,1159910.52
2024-10-05T11:11-04:00,165,1158749.17
2024-10-05T11:34-04:00,165,1105835.65
2024-10-05T12:13-04:00,170,1091727.95
2024-10-05T12:40-04:00,167,1039718.28
2024-10-05T13:10-04:00,184,1143341.8
2024-10-05T13:35-04:00,186,1125750.58
2024-10-05T14:14-04:00,181,1120471.88
2024-10-05T14:39-04:00,176,1108166.68
2024-10-05T15:09-04:00,167,1174006.38
2024-10-05T15:34-04:00,168,1137287.82
2024-10-05T16:11-04:00,164,1084754.84
2024-10-05T16:34-04:00,160,984053.47
2024-10-05T17:10-04:00,164,1087722.21
2024-10-05T17:35-04:00,163,999886.48
2024-10-05T18:11-04:00,172,1138152.54
2024-10-05T18:37-04:00,168,1086085.4
2024-10-05T19:11-04:00,161,965156.92
2024-10-05T19:34-04:00,160,955640.25
2024-10-05T21:01-04:00,147,905868.23
2024-10-05T22:39-04:00,139,945768.41
2024-10-05T23:20-04:00,138,908615.81
2024-10-05T23:42-04:00,130,864460.18
2024-10-06T00:14-04:00,122,807583.41
2024-10-06T00:39-04:00,122,804123.3
2024-10-06T01:11-04:00,122,802393.56
2024-10-06T01:36-04:00,119,801141.72
2024-10-06T02:15-04:00,116,779747.37
2024-10-06T02:41-04:00,116,779666.11
2024-10-06T03:11-04:00,117,780732.14
2024-10-06T03:33-04:00,117,779947.0
2024-10-06T04:14-04:00,115,639288.56
2024-10-06T04:38-04:00,114,638941.73
2024-10-06T05:11-04:00,119,686591.56
2024-10-06T05:34-04:00,121,689782.96
2024-10-06T06:11-04:00,130,717846.88
2024-10-06T06:38-04:00,133,728420.9
2024-10-06T07:09-04:00,136,933588.49
2024-10-06T07:35-04:00,139,936816.29
2024-10-06T08:20-04:00,152,973236.36
2024-10-06T08:53-04:00,154,996888.41
2024-10-06T09:16-04:00,150,900342.26
2024-10-06T09:34-04:00,140,879973.91
2024-10-06T10:09-04:00,142,997909.71
2024-10-06T10:36-04:00,146,954641.06
2024-10-06T11:11-04:00,153,1021424.4
2024-10-06T11:35-04:00,157,1005167.91
2024-10-06T12:13-04:00,150,1024304.29
2024-10-06T12:39-04:00,159,1083466.18
2024-10-06T13:10-04:00,155,1059312.98
2024-10-06T13:36-04:00,160,1034918.26
2024-10-06T14:14-04:00,163,993550.41
2024-10-06T14:39-04:00,161,1059713.7
2024-10-06T15:09-04:00,158,1042390.52
2024-10-06T15:35-04:00,162,1045992.86
2024-10-06T16:11-04:00,166,1044757.94
2024-10-06T16:34-04:00,168,1031220.28
2024-10-06T17:10-04:00,171,1032067.39
2024-10-06T17:34-04:00,173,1080837.05
2024-10-06T18:10-04:00,176,1067009.76
2024-10-06T18:36-04:00,174,1086117.24
2024-10-06T19:11-04:00,171,1055762.94
2024-10-06T19:36-04:00,171,1025988.92
2024-10-06T20:58-04:00,163,1006594.92
2024-10-06T22:20-04:00,149,939053.59
2024-10-06T23:04-04:00,138,865474.92
2024-10-06T23:42-04:00,133,765835.3
2024-10-07T00:14-04:00,127,758239.76
2024-10-07T00:40-04:00,125,722047.73
2024-10-07T01:13-04:00,121,710132.78
2024-10-07T01:38-04:00,120,708629.14
2024-10-07T02:17-04:00,120,698296.21
2024-10-07T02:43-04:00,119,698200.9
2024-10-07T03:12-04:00,120,700332.06
2024-10-07T03:34-04:00,120,702561.05
2024-10-07T04:14-04:00,117,561945.68
2024-10-07T04:42-04:00,120,569255.64
2024-10-07T05:13-04:00,128,562361.95
2024-10-07T05:37-04:00,127,565148.27
2024-10-07T06:13-04:00,130,601649.47
2024-10-07T06:41-04:00,132,632137.02
2024-10-07T07:11-04:00,138,736462.17
2024-10-07T07:34-04:00,139,726324.13
2024-10-07T08:23-04:00,144,940365.66
2024-10-07T08:58-04:00,142,885624.5
2024-10-07T09:26-04:00,145,906168.1
2024-10-07T09:40-04:00,145,909823.25
2024-10-07T10:11-04:00,144,940429.44
2024-10-07T10:39-04:00,152,973782.68
2024-10-07T11:12-04:00,164,1009800.83
2024-10-07T11:37-04:00,162,1006320.47
2024-10-07T12:14-04:00,164,1025868.5
2024-10-07T12:42-04:00,168,1061401.43
2024-10-07T13:11-04:00,182,1116997.29
2024-10-07T13:36-04:00,186,1119163.58
2024-10-07T14:16-04:00,171,1049328.49
2024-10-07T14:41-04:00,166,1010859.15
2024-10-07T15:09-04:00,164,1014735.02
2024-10-07T15:34-04:00,153,1024214.54
2024-10-07T16:14-04:00,156,1013191.96
2024-10-07T16:37-04:00,163,1079407.97
2024-10-07T17:11-04:00,167,1106168.23
2024-10-07T17:35-04:00,174,1148420.26
2024-10-07T18:11-04:00,174,1074598.06
2024-10-07T18:38-04:00,172,1077513.76
2024-10-07T19:11-04:00,174,1123231.29
2024-10-07T19:34-04:00,183,1160264.46
2024-10-07T20:56-04:00,201,1228998.57
2024-10-07T22:19-04:00,185,1132471.28
2024-10-07T23:03-04:00,172,1013286.85
2024-10-07T23:42-04:00,155,998009.78
2024-10-08T00:14-04:00,143,830383.85
2024-10-08T00:39-04:00,139,822505.15
2024-10-08T01:12-04:00,137,911907.45
2024-10-08T01:37-04:00,135,893506.89
2024-10-08T02:43-04:00,132,810561.14
2024-10-08T03:12-04:00,131,809903.82
2024-10-08T03:34-04:00,129,669704.73
2024-10-08T04:16-04:00,132,668686.64
2024-10-08T04:41-04:00,133,668872.3
2024-10-08T05:12-04:00,136,689841.35
2024-10-08T05:36-04:00,142,718526.1
2024-10-08T06:12-04:00,150,841201.85
2024-10-08T06:40-04:00,153,855726.66
2024-10-08T07:10-04:00,158,982179.42
2024-10-08T07:35-04:00,156,1004586.35
2024-10-08T08:22-04:00,171,1103169.01
2024-10-08T08:56-04:00,173,1103201.18
2024-10-08T09:21-04:00,178,1095808.09
2024-10-08T09:38-04:00,186,1157392.91
2024-10-08T10:13-04:00,196,1195819.04
2024-10-08T10:39-04:00,196,1184507.25
2024-10-08T11:12-04:00,201,1232695.35
2024-10-08T11:37-04:00,207,1274792.02
2024-10-08T12:14-04:00,196,1195768.88
2024-10-08T12:43-04:00,185,1175703.36
2024-10-08T13:11-04:00,174,1185548.31
2024-10-08T13:35-04:00,173,1160767.14
2024-10-08T14:16-04:00,186,1184706.61
2024-10-08T14:41-04:00,181,1083500.54
2024-10-08T15:08-04:00,177,1139763.66
2024-10-08T15:34-04:00,184,1117402.31
2024-10-08T16:10-04:00,190,1197524.75
2024-10-08T16:35-04:00,186,1159920.03
2024-10-08T17:11-04:00,195,1184724.94
2024-10-08T17:35-04:00,194,1167955.71
2024-10-08T18:11-04:00,199,1222143.19
2024-10-08T18:38-04:00,201,1270752.13
2024-10-08T19:12-04:00,200,1228392.01
2024-10-08T19:35-04:00,200,1179924.15
2024-10-08T20:56-04:00,187,1048508.39
2024-10-08T22:14-04:00,180,1039284.61
2024-10-08T23:01-04:00,166,944534.22
2024-10-08T23:40-04:00,145,838569.35
2024-10-09T00:14-04:00,135,760945.27
2024-10-09T00:39-04:00,132,759696.31
2024-10-09T01:13-04:00,131,767439.81
2024-10-09T01:38-04:00,131,776452.16
2024-10-09T02:17-04:00,132,778721.32
2024-10-09T02:43-04:00,131,776267.13
2024-10-09T03:12-04:00,127,599702.46
2024-10-09T03:34-04:00,127,599707.21
2024-10-09T04:15-04:00,126,599333.56
2024-10-09T04:41-04:00,127,599686.37
2024-10-09T05:13-04:00,128,623480.99
2024-10-09T05:36-04:00,130,629717.11
2024-10-09T06:13-04:00,144,700324.26
2024-10-09T06:40-04:00,150,697237.18
2024-10-09T07:10-04:00,152,693789.65
2024-10-09T07:34-04:00,164,732776.12
2024-10-09T08:22-04:00,172,952022.75
2024-10-09T08:57-04:00,183,1063501.55
2024-10-09T09:23-04:00,183,1032197.03
2024-10-09T09:39-04:00,193,1057265.49
2024-10-09T10:11-04:00,187,1058102.35
2024-10-09T10:38-04:00,193,1087987.18
2024-10-09T11:11-04:00,195,1104231.16
2024-10-09T11:37-04:00,200,1192920.29
2024-10-09T12:14-04:00,202,1117325.4
2024-10-09T12:41-04:00,206,1149141.09
2024-10-09T13:10-04:00,207,1128834.29
2024-10-09T13:37-04:00,212,1207867.14
2024-10-09T14:15-04:00,216,1127516.47
2024-10-09T14:42-04:00,226,1154003.27
2024-10-09T15:10-04:00,226,1132422.9
2024-10-09T15:34-04:00,229,1207281.78
2024-10-09T16:13-04:00,226,1207142.61
2024-10-09T16:36-04:00,224,1195669.02
2024-10-09T17:11-04:00,228,1190082.32
2024-10-09T17:34-04:00,221,1251498.25
2024-10-09T18:11-04:00,217,1194345.59
2024-10-09T18:37-04:00,210,1172247.47
2024-10-09T19:12-04:00,209,1123593.85
2024-10-09T19:35-04:00,208,1135320.07
2024-10-09T20:56-04:00,212,1148497.54
2024-10-09T22:15-04:00,185,969993.69
2024-10-09T23:01-04:00,169,822342.45
2024-10-09T23:40-04:00,158,761116.73
2024-10-10T00:14-04:00,151,745362.54
2024-10-10T00:39-04:00,147,738286.11
2024-10-10T01:11-04:00,149,777759.74
2024-10-10T01:38-04:00,142,732538.13
2024-10-10T02:17-04:00,139,736623.8
2024-10-10T02:43-04:00,138,598359.96
2024-10-10T03:11-04:00,137,596526.61
2024-10-10T03:34-04:00,139,597539.22
2024-10-10T04:15-04:00,138,629559.45
2024-10-10T04:41-04:00,134,627097.11
2024-10-10T05:13-04:00,134,617085.15
2024-10-10T05:36-04:00,134,615614.87
2024-10-10T06:12-04:00,147,751072.11
2024-10-10T06:40-04:00,163,853690.83
2024-10-10T07:10-04:00,170,907371.1
2024-10-10T07:34-04:00,175,1042646.14
2024-10-10T08:22-04:00,183,1068294.44
2024-10-10T08:57-04:00,185,989806.91
2024-10-10T09:23-04:00,195,1044283.27
2024-10-10T09:39-04:00,188,956372.98
2024-10-10T10:11-04:00,197,1119560.53
2024-10-10T10:38-04:00,202,1131099.36
2024-10-10T11:12-04:00,200,1096201.84
2024-10-10T11:37-04:00,207,1139028.18
2024-10-10T12:14-04:00,205,1200023.88
2024-10-10T12:40-04:00,216,1234632.24
2024-10-10T13:11-04:00,224,1301698.45
2024-10-10T13:36-04:00,222,1264961.83
2024-10-10T14:15-04:00,214,1224469.1
2024-10-10T14:42-04:00,207,1120839.82
2024-10-10T15:09-04:00,209,1135771.75
2024-10-10T15:34-04:00,204,1095858.86
2024-10-10T16:12-04:00,211,1151529.85
2024-10-10T16:36-04:00,211,1175574.04
2024-10-10T17:12-04:00,216,1208411.98
2024-10-10T17:35-04:00,221,1225589.5
2024-10-10T18:11-04:00,220,1221140.05
2024-10-10T18:38-04:00,220,1209874.86
2024-10-10T19:11-04:00,217,1199511.46
2024-10-10T19:34-04:00,216,1191466.25
2024-10-10T20:56-04:00,209,1192130.16
2024-10-10T22:14-04:00,211,1176007.76
2024-10-10T23:00-04:00,203,1108458.75
2024-10-10T23:40-04:00,180,926343.6
2024-10-11T00:14-04:00,170,819712.45
2024-10-11T00:39-04:00,161,802283.9
2024-10-11T01:11-04:00,151,788867.37
2024-10-11T01:37-04:00,149,787932.56
