timestamp,banco,cambio,monto,compras
2026-06-26,banco_bisa,9.72166,3957090,85
2026-06-26,banco_de_credito,9.4557,21481,15
2026-06-26,banco_de_la_nacion_argentina,9.7,7425,1
2026-06-26,banco_economico,9.77153,5194132,11
2026-06-26,banco_fortaleza,9.82,400000,1
2026-06-26,banco_ganadero,9.77603,3046253,147
2026-06-26,banco_mercantil_santa_cruz,9.63959,3150669,22
2026-06-26,banco_nacional_de_bolivia,9.7495,1440469,2
2026-06-26,banco_solidario,9.62726,105300,4
2026-06-26,banco_union,9.05,650,2
2026-06-29,banco_bisa,9.72838,2707410,5
2026-06-29,banco_de_credito,9.67316,99697,15
2026-06-29,banco_de_la_nacion_argentina,9.63,8870,23
2026-06-29,banco_economico,9.78571,418104,51
2026-06-29,banco_fie,9.73,105419,21
2026-06-29,banco_fortaleza,9.73,123435,9
2026-06-29,banco_ganadero,9.69926,1721370,826
2026-06-29,banco_mercantil_santa_cruz,9.79976,9831975,239
2026-06-29,banco_nacional_de_bolivia,9.58622,1421596,297
2026-06-29,banco_prodem,9.63,10687,21
2026-06-29,banco_pyme_de_la_comunidad,9.72987,7544,8
2026-06-29,banco_pyme_ecofuturo,9.73,730,1
2026-06-29,banco_solidario,9.73186,246272,27
2026-06-29,banco_union,9.73,676658,116
2026-06-30,banco_bisa,9.79167,1521342,59
2026-06-30,banco_de_credito,9.7777,2024915,20
2026-06-30,banco_de_la_nacion_argentina,9.66,6332,26
2026-06-30,banco_economico,9.71514,114942,34
2026-06-30,banco_fie,9.66,11564,12
2026-06-30,banco_fortaleza,9.71029,169833,3
2026-06-30,banco_ganadero,9.73206,2793562,636
2026-06-30,banco_mercantil_santa_cruz,9.7734,1250940,177
2026-06-30,banco_nacional_de_bolivia,9.56844,492923,189
2026-06-30,banco_prodem,9.56,3759,9
2026-06-30,banco_pyme_de_la_comunidad,9.76,244,3
2026-06-30,banco_pyme_ecofuturo,9.76,602,6
2026-06-30,banco_solidario,9.78693,1908015,32
2026-06-30,banco_union,9.76,96187,100
2026-07-01,banco_bisa,9.78692,14976501,70
2026-07-01,banco_de_credito,9.76759,993657,36
2026-07-01,banco_de_la_nacion_argentina,9.66,16886,26
2026-07-01,banco_economico,9.75899,211466,30
2026-07-01,banco_fie,9.66,8284,15
2026-07-01,banco_fortaleza,9.75072,96871,4
2026-07-01,banco_ganadero,9.78423,5914984,592
2026-07-01,banco_mercantil_santa_cruz,9.56,406827,360
2026-07-01,banco_nacional_de_bolivia,9.75435,2980659,2008
2026-07-01,banco_prodem,9.36,5846,13
2026-07-01,banco_pyme_de_la_comunidad,9.76,216,3
2026-07-01,banco_pyme_ecofuturo,9.36,3620,3
2026-07-01,banco_solidario,9.75562,2633673,23
2026-07-01,banco_union,9.88974,1623335,74
2026-07-02,banco_bisa,9.81408,8452401,54
2026-07-02,banco_de_credito,9.85657,1239519,36
2026-07-02,banco_de_la_nacion_argentina,9.77224,27711,24
2026-07-02,banco_economico,9.77703,1620163,36
2026-07-02,banco_fie,9.68,40169,12
2026-07-02,banco_fortaleza,9.78,16,2
2026-07-02,banco_ganadero,9.78285,5565364,551
2026-07-02,banco_mercantil_santa_cruz,9.71883,938533,193
2026-07-02,banco_nacional_de_bolivia,9.78372,2567310,1101
2026-07-02,banco_prodem,9.48,4502,8
2026-07-02,banco_pyme_de_la_comunidad,9.78,2262,3
2026-07-02,banco_pyme_ecofuturo,9.38,2640,2
2026-07-02,banco_solidario,9.76964,431373,37
2026-07-02,banco_union,9.78,209115,75
2026-07-03,banco_bisa,9.84096,2150476,51
2026-07-03,banco_de_credito,9.88188,1465788,24
2026-07-03,banco_de_la_nacion_argentina,9.7,11336,10
2026-07-03,banco_economico,9.88662,1754920,38
2026-07-03,banco_fie,9.7,761,8
2026-07-03,banco_fortaleza,9.80749,1133622,3
2026-07-03,banco_ganadero,9.81001,8446425,569
2026-07-03,banco_mercantil_santa_cruz,9.83955,3817857,150
2026-07-03,banco_nacional_de_bolivia,9.80134,2165994,1075
2026-07-03,banco_prodem,9.7,18491,7
2026-07-03,banco_pyme_de_la_comunidad,9.8,64,3
2026-07-03,banco_pyme_ecofuturo,9.4,3815,5
2026-07-03,banco_solidario,9.85361,802413,22
2026-07-03,banco_union,9.8,318733,83
2026-07-06,banco_bisa,9.88424,3646488,55
2026-07-06,banco_de_credito,9.93172,1393544,12
2026-07-06,banco_de_la_nacion_argentina,9.80084,17609,30
2026-07-06,banco_economico,9.89208,1198507,28
2026-07-06,banco_fie,9.73,15603,17
2026-07-06,banco_fortaleza,9.75648,13299,9
2026-07-06,banco_ganadero,9.71253,1696172,562
2026-07-06,banco_mercantil_santa_cruz,9.99631,2540862,212
2026-07-06,banco_nacional_de_bolivia,9.80481,153597,172
2026-07-06,banco_prodem,9.73,4406,9
2026-07-06,banco_pyme_de_la_comunidad,9.83,7049,4
2026-07-06,banco_pyme_ecofuturo,9.43,47414,3
2026-07-06,banco_solidario,9.89994,962170,34
2026-07-06,banco_union,9.83,180125,64
2026-07-07,banco_bisa,9.97428,5791895,65
2026-07-07,banco_de_credito,9.90661,818299,20
2026-07-07,banco_de_la_nacion_argentina,9.81886,33464,11
2026-07-07,banco_economico,9.98649,1336920,29
2026-07-07,banco_fie,9.79,14763,25
2026-07-07,banco_fortaleza,9.89,200,2
2026-07-07,banco_ganadero,9.94685,6275603,545
2026-07-07,banco_mercantil_santa_cruz,10.00746,1041185,141
2026-07-07,banco_nacional_de_bolivia,9.95416,5858184,159
2026-07-07,banco_prodem,9.79,13867,9
2026-07-07,banco_pyme_de_la_comunidad,9.89,2000,1
2026-07-07,banco_pyme_ecofuturo,9.49,107,3
2026-07-07,banco_solidario,9.9747,2513273,20
2026-07-07,banco_union,9.89,159336,79
2026-07-08,banco_bisa,10.08762,3680118,85
2026-07-08,banco_de_credito,10.07401,1264766,23
2026-07-08,banco_de_la_nacion_argentina,9.86,3320,10
2026-07-08,banco_economico,9.92337,35333,17
2026-07-08,banco_fie,9.86,12445,22
2026-07-08,banco_fortaleza,10.07353,425000,2
2026-07-08,banco_ganadero,10.03677,6582111,290
2026-07-08,banco_mercantil_santa_cruz,10.21152,11639754,162
2026-07-08,banco_nacional_de_bolivia,9.93724,3606296,204
2026-07-08,banco_prodem,9.86,57246,13
2026-07-08,banco_pyme_de_la_comunidad,9.96,1101,3
2026-07-08,banco_pyme_ecofuturo,9.56,422,3
2026-07-08,banco_solidario,10.0589,1099351,36
2026-07-08,banco_union,9.96,47994,68
2026-07-09,banco_bisa,10.23186,3902015,50
2026-07-09,banco_de_credito,10.25841,5187313,54
2026-07-09,banco_de_la_nacion_argentina,10.0,2932,8
2026-07-09,banco_economico,10.23901,724752,37
2026-07-09,banco_fie,10.0,31651,14
2026-07-09,banco_fortaleza,7.5,1814,2
2026-07-09,banco_ganadero,10.12781,4104284,277
2026-07-09,banco_mercantil_santa_cruz,10.28413,9884451,133
2026-07-09,banco_nacional_de_bolivia,10.14106,3667634,214
2026-07-09,banco_prodem,10.0,70219,15
2026-07-09,banco_pyme_de_la_comunidad,10.1,570,4
2026-07-09,banco_pyme_ecofuturo,9.7,10,1
2026-07-09,banco_solidario,10.37971,2131145,41
2026-07-09,banco_union,10.1,59816,80
2026-07-10,banco_bisa,10.38179,8250424,91
2026-07-10,banco_de_credito,10.57309,5834653,34
2026-07-10,banco_de_la_nacion_argentina,10.17547,5190,16
2026-07-10,banco_economico,10.54327,3806369,30
2026-07-10,banco_fie,10.19136,4985,11
2026-07-10,banco_fortaleza,10.26974,48871,3
2026-07-10,banco_ganadero,10.29695,3484964,246
2026-07-10,banco_mercantil_santa_cruz,10.32738,800634,209
2026-07-10,banco_nacional_de_bolivia,10.23868,10288924,225
2026-07-10,banco_prodem,10.14,3750,9
2026-07-10,banco_pyme_de_la_comunidad,10.24,68,1
2026-07-10,banco_pyme_ecofuturo,9.84,112,2
2026-07-10,banco_solidario,10.56831,4015518,37
2026-07-10,banco_union,10.24,339509,80
2026-07-13,banco_bisa,10.52953,2289085,48
2026-07-13,banco_de_credito,10.37787,256829,82
2026-07-13,banco_de_la_nacion_argentina,10.34568,2526,16
2026-07-13,banco_economico,10.53225,432290,29
2026-07-13,banco_fie,10.48558,398680,23
2026-07-13,banco_fortaleza,10.4,70,6
2026-07-13,banco_ganadero,10.11391,1560817,222
2026-07-13,banco_mercantil_santa_cruz,10.6576,3619877,193
2026-07-13,banco_nacional_de_bolivia,10.33728,442571,242
2026-07-13,banco_prodem,10.3,19587,14
2026-07-13,banco_pyme_de_la_comunidad,10.4,252,1
2026-07-13,banco_pyme_ecofuturo,10.0,99,2
2026-07-13,banco_solidario,10.55478,2250803,27
2026-07-13,banco_union,10.4,254558,126
2026-07-14,banco_bisa,10.58618,11966869,44
2026-07-14,banco_de_credito,10.73285,4822134,112
2026-07-14,banco_de_la_nacion_argentina,10.43219,9320,8
2026-07-14,banco_economico,10.7207,2962605,39
2026-07-14,banco_fie,10.80477,2222232,26
2026-07-14,banco_fortaleza,10.69774,50545,3
2026-07-14,banco_ganadero,10.58325,5196938,237
2026-07-14,banco_mercantil_santa_cruz,10.80904,14928796,163
2026-07-14,banco_nacional_de_bolivia,10.40062,392777,177
2026-07-14,banco_prodem,10.4,11639,15
2026-07-14,banco_pyme_de_la_comunidad,10.5,2129,4
2026-07-14,banco_pyme_ecofuturo,10.1,1146,6
2026-07-14,banco_solidario,10.518,316661,36
2026-07-14,banco_union,10.49848,104882,137
2026-07-15,banco_bisa,10.70982,302163,34
2026-07-15,banco_de_credito,10.83761,3198821,105
2026-07-15,banco_de_la_nacion_argentina,10.68759,89048,11
2026-07-15,banco_economico,10.67218,457222,39
2026-07-15,banco_fie,10.6,4732,31
2026-07-15,banco_fortaleza,10.76658,654089,6
2026-07-15,banco_ganadero,10.69422,7088777,444
2026-07-15,banco_mercantil_santa_cruz,10.6917,934189,208
2026-07-15,banco_nacional_de_bolivia,10.75022,2835854,299
2026-07-15,banco_prodem,10.6,13772,8
2026-07-15,banco_pyme_de_la_comunidad,10.70456,1074,5
2026-07-15,banco_pyme_ecofuturo,10.3,600,4
2026-07-15,banco_solidario,10.90227,2004617,48
2026-07-15,banco_union,10.69976,543562,210
2026-07-17,banco_bisa,10.92703,8439237,121
2026-07-17,banco_de_credito,10.85812,1705266,91
2026-07-17,banco_de_la_nacion_argentina,10.74261,133165,17
2026-07-17,banco_economico,10.75028,39890,34
2026-07-17,banco_fie,10.65,5701,24
2026-07-17,banco_fortaleza,10.80123,812621,9
2026-07-17,banco_ganadero,10.87998,10013631,258
2026-07-17,banco_mercantil_santa_cruz,10.81615,6464450,169
2026-07-17,banco_nacional_de_bolivia,10.74543,7903359,260
2026-07-17,banco_prodem,10.65,1485,9
2026-07-17,banco_pyme_de_la_comunidad,10.75,1211,3
2026-07-17,banco_pyme_ecofuturo,11.12882,585421,6
2026-07-17,banco_solidario,10.99485,671115,40
2026-07-17,banco_union,10.74996,1040059,218
2026-07-20,banco_bisa,10.93802,6294200,46
2026-07-20,banco_de_credito,10.89754,1724581,104
2026-07-20,banco_de_la_nacion_argentina,10.7573,2739,35
2026-07-20,banco_economico,10.8358,65265,29
2026-07-20,banco_fie,10.75,4003,24
2026-07-20,banco_fortaleza,10.78943,63063,12
2026-07-20,banco_ganadero,10.86029,4292291,217
2026-07-20,banco_mercantil_santa_cruz,10.84651,1003630,154
2026-07-20,banco_nacional_de_bolivia,10.77595,263128,222
2026-07-20,banco_prodem,10.75,3923,8
2026-07-20,banco_pyme_de_la_comunidad,10.85,457,5
2026-07-20,banco_pyme_ecofuturo,10.45,6050,6
2026-07-20,banco_solidario,11.01468,695397,51
2026-07-20,banco_union,10.89769,838491,275
2026-07-21,banco_bisa,10.99623,8519843,89
2026-07-21,banco_de_credito,11.05516,840759,65
2026-07-21,banco_de_la_nacion_argentina,10.96307,55805,20
2026-07-21,banco_economico,10.8,10840,35
2026-07-21,banco_fie,10.89823,427580,15
2026-07-21,banco_fortaleza,10.95786,101420,8
2026-07-21,banco_ganadero,10.98152,4328290,302
2026-07-21,banco_mercantil_santa_cruz,10.91199,664485,138
2026-07-21,banco_nacional_de_bolivia,10.90544,1157721,236
2026-07-21,banco_prodem,10.8,6503,10
2026-07-21,banco_pyme_de_la_comunidad,10.9,1676,11
2026-07-21,banco_pyme_ecofuturo,10.89937,200187,6
2026-07-21,banco_solidario,11.05965,7887966,45
2026-07-21,banco_union,10.9,619773,158
2026-07-22,banco_bisa,11.08894,10191349,96
2026-07-22,banco_de_credito,11.12082,4166319,57
2026-07-22,banco_de_la_nacion_argentina,10.91763,5106,19
2026-07-22,banco_economico,11.18956,2129943,37
2026-07-22,banco_fie,10.9,4591,21
2026-07-22,banco_fortaleza,10.97877,104772,10
2026-07-22,banco_ganadero,11.19142,10339225,261
2026-07-22,banco_mercantil_santa_cruz,11.1084,3134714,313
2026-07-22,banco_nacional_de_bolivia,11.09095,6776277,263
2026-07-22,banco_prodem,10.9,12127,8
2026-07-22,banco_pyme_de_la_comunidad,11.0,1178,6
2026-07-22,banco_pyme_ecofuturo,10.6,1520,5
2026-07-22,banco_solidario,11.24087,1991354,39
2026-07-22,banco_union,11.0,179799,81
2026-07-23,banco_bisa,11.21602,10524285,95
2026-07-23,banco_de_credito,11.1752,556144,65
2026-07-23,banco_de_la_nacion_argentina,11.03,20972,17
2026-07-23,banco_economico,11.23256,443327,35
2026-07-23,banco_fie,11.03,2814,15
2026-07-23,banco_fortaleza,11.36458,546642,8
2026-07-23,banco_ganadero,11.18683,6866825,369
2026-07-23,banco_mercantil_santa_cruz,11.26841,3743530,196
2026-07-23,banco_nacional_de_bolivia,11.11055,3687811,220
2026-07-23,banco_prodem,11.03,103793,10
2026-07-23,banco_pyme_de_la_comunidad,11.13,6085,8
2026-07-23,banco_pyme_ecofuturo,10.73,470,3
2026-07-23,banco_solidario,11.3086,2006683,42
2026-07-23,banco_union,11.12996,55282,65
2026-07-24,banco_bisa,11.37932,12716266,102
2026-07-24,banco_de_credito,11.55703,4815867,57
2026-07-24,banco_de_la_nacion_argentina,11.11,7462,35
2026-07-24,banco_economico,11.50461,1922257,32
2026-07-24,banco_fie,11.11,3355,16
2026-07-24,banco_fortaleza,11.33068,986507,6
2026-07-24,banco_ganadero,11.37856,9615145,280
2026-07-24,banco_mercantil_santa_cruz,11.06395,823927,221
2026-07-24,banco_nacional_de_bolivia,11.19215,6862876,264
2026-07-24,banco_prodem,11.11,2634,15
2026-07-24,banco_pyme_de_la_comunidad,11.21,142044,4
2026-07-24,banco_pyme_ecofuturo,10.81,2980,7
2026-07-24,banco_solidario,11.41622,460326,41
2026-07-24,banco_union,11.21,35890,67
2026-07-27,banco_bisa,11.54167,3636726,53
2026-07-27,banco_de_credito,11.74386,4096950,69
2026-07-27,banco_de_la_nacion_argentina,11.33122,12619,36
2026-07-27,banco_economico,11.4486,3088493,39
2026-07-27,banco_fie,11.50886,46440,19
2026-07-27,banco_fortaleza,11.51627,1067063,16
2026-07-27,banco_ganadero,11.41489,4163882,214
2026-07-27,banco_mercantil_santa_cruz,11.55227,3158393,239
2026-07-27,banco_nacional_de_bolivia,11.32207,507386,255
2026-07-27,banco_prodem,11.27,22014,23
2026-07-27,banco_pyme_de_la_comunidad,11.37,5293,5
2026-07-27,banco_pyme_ecofuturo,10.97,350,4
2026-07-27,banco_solidario,11.5384,1281389,38
2026-07-27,banco_union,11.36997,53381,59
2026-07-28,banco_bisa,11.76667,8944464,82
2026-07-28,banco_de_credito,11.77923,1318312,68
2026-07-28,banco_de_la_nacion_argentina,11.51284,24807,26
2026-07-28,banco_economico,11.82838,1863927,37
2026-07-28,banco_fie,12.0605,3025087,24
2026-07-28,banco_fortaleza,12.06994,2000224,7
2026-07-28,banco_ganadero,11.72814,11345343,279
2026-07-28,banco_mercantil_santa_cruz,11.9138,4864421,207
2026-07-28,banco_nacional_de_bolivia,11.55369,2514828,264
2026-07-28,banco_prodem,11.44,5435,16
2026-07-28,banco_pyme_de_la_comunidad,11.54,426,3
2026-07-28,banco_pyme_ecofuturo,11.39125,242467,8
2026-07-28,banco_solidario,11.74041,2661720,43
2026-07-28,banco_union,11.53919,42014,48
2026-07-29,banco_bisa,12.00647,8978676,71
2026-07-29,banco_de_credito,11.92664,9214129,91
2026-07-29,banco_de_la_nacion_argentina,11.91563,126013,19
2026-07-29,banco_economico,11.96003,1308702,51
2026-07-29,banco_fie,11.7,3769,27
2026-07-29,banco_fortaleza,11.81813,329802,13
2026-07-29,banco_ganadero,11.82342,3801257,368
2026-07-29,banco_mercantil_santa_cruz,11.92466,3788154,234
2026-07-29,banco_nacional_de_bolivia,11.77159,12769237,280
2026-07-29,banco_prodem,11.7,25950,16
2026-07-29,banco_pyme_de_la_comunidad,11.8,6397,6
2026-07-29,banco_pyme_ecofuturo,11.4,102330,5
2026-07-29,banco_solidario,11.96467,1091581,52
2026-07-29,banco_union,11.8,113341,76
2026-07-30,banco_bisa,12.15792,13240160,74
2026-07-30,banco_de_credito,12.23679,7088266,88
2026-07-30,banco_de_la_nacion_argentina,11.80126,17861,31
2026-07-30,banco_economico,11.83744,155918,48
2026-07-30,banco_fie,12.03882,525380,23
2026-07-30,banco_fortaleza,12.32845,1244318,13
2026-07-30,banco_ganadero,12.14963,11208391,396
2026-07-30,banco_mercantil_santa_cruz,11.99681,2275041,274
2026-07-30,banco_nacional_de_bolivia,11.94691,1483401,325
2026-07-30,banco_prodem,11.79,11361,15
2026-07-30,banco_pyme_de_la_comunidad,11.89,5585,11
2026-07-30,banco_pyme_ecofuturo,11.49,660,3
2026-07-30,banco_solidario,12.06893,556276,49
2026-07-30,banco_union,12.09192,913230,88
2026-07-31,banco_bisa,12.19444,7245017,60
2026-07-31,banco_de_credito,12.17715,2089165,104
2026-07-31,banco_de_la_nacion_argentina,12.16068,111039,38
2026-07-31,banco_economico,12.05345,2599071,146
2026-07-31,banco_fie,12.18768,551965,33
2026-07-31,banco_fortaleza,12.1069,576982,14
2026-07-31,banco_ganadero,12.07963,9927452,370
2026-07-31,banco_mercantil_santa_cruz,12.12805,5698732,314
2026-07-31,banco_nacional_de_bolivia,12.17443,6795663,410
2026-07-31,banco_prodem,12.05,76628,25
2026-07-31,banco_pyme_de_la_comunidad,12.15,26442,14
2026-07-31,banco_pyme_ecofuturo,12.09954,220289,5
2026-07-31,banco_solidario,12.04284,3173792,53
2026-07-31,banco_union,12.18623,2070157,234
2026-08-03,banco_bisa,11.95643,2841500,66
2026-08-03,banco_de_credito,12.09822,1976995,142
2026-08-03,banco_de_la_nacion_argentina,12.12004,103665,31
2026-08-03,banco_economico,11.97056,1252144,60
2026-08-03,banco_fie,12.03,55907,40
2026-08-03,banco_fortaleza,12.30573,1504777,7
2026-08-03,banco_ganadero,12.07461,5863480,116
2026-08-03,banco_mercantil_santa_cruz,12.05933,3372165,378
2026-08-03,banco_nacional_de_bolivia,12.05131,2757616,467
2026-08-03,banco_prodem,12.03,43765,36
2026-08-03,banco_pyme_de_la_comunidad,12.13,6283,6
2026-08-03,banco_pyme_ecofuturo,11.73,26160,11
2026-08-03,banco_solidario,12.14475,1577317,35
2026-08-03,banco_union,12.13626,5433130,313
2026-08-04,banco_bisa,12.02714,106804902,126
2026-08-04,banco_de_credito,11.96541,1990107,374
2026-08-04,banco_de_la_nacion_argentina,11.89579,2533,11
2026-08-04,banco_economico,11.92379,4143980,54
2026-08-04,banco_fie,12.1862,1066948,25
2026-08-04,banco_fortaleza,12.05593,337142,8
2026-08-04,banco_ganadero,11.97961,13239971,769
2026-08-04,banco_mercantil_santa_cruz,11.97857,5251692,445
2026-08-04,banco_nacional_de_bolivia,12.02197,14858963,541
2026-08-04,banco_prodem,11.98,160064,72
2026-08-04,banco_pyme_de_la_comunidad,12.08,26452,18
2026-08-04,banco_pyme_ecofuturo,11.68,14353,9
2026-08-04,banco_solidario,12.00076,3326125,56
2026-08-04,banco_union,12.08813,8717523,500
2026-08-05,banco_bisa,11.86185,30301395,159
2026-08-05,banco_de_credito,11.79668,1650749,409
2026-08-05,banco_de_la_nacion_argentina,11.82,13769,20
2026-08-05,banco_economico,11.87843,1960611,64
2026-08-05,banco_fie,12.05187,213463,24
2026-08-05,banco_fortaleza,11.87236,105065,16
2026-08-05,banco_ganadero,11.86829,13107513,197
2026-08-05,banco_mercantil_santa_cruz,11.87401,6707597,287
2026-08-05,banco_nacional_de_bolivia,11.75328,4040013,554
2026-08-05,banco_prodem,11.82,288044,85
2026-08-05,banco_pyme_de_la_comunidad,12.02,58829,12
2026-08-05,banco_pyme_ecofuturo,11.62,2714,5
2026-08-05,banco_solidario,11.84833,1143659,49
2026-08-05,banco_union,11.92,889618,163
2026-08-10,banco_bisa,11.7638,19752071,120
2026-08-10,banco_de_credito,11.66715,2235625,486
2026-08-10,banco_de_la_nacion_argentina,11.78658,11516,22
2026-08-10,banco_economico,11.1,48413,63
2026-08-10,banco_fie,11.76,347302,18
2026-08-10,banco_fortaleza,11.73643,30067,11
2026-08-10,banco_ganadero,11.81719,26287526,278
2026-08-10,banco_mercantil_santa_cruz,11.77268,9453503,220
2026-08-10,banco_nacional_de_bolivia,11.68817,2739404,533
2026-08-10,banco_prodem,11.66,349500,97
2026-08-10,banco_pyme_de_la_comunidad,11.86,47533,15
2026-08-10,banco_pyme_ecofuturo,11.46,3316,4
2026-08-10,banco_solidario,11.59203,1154984,73
2026-08-10,banco_union,11.36011,248411,96
2026-08-11,banco_bisa,11.73078,72570741,193
2026-08-11,banco_de_credito,11.59574,1028145,360
2026-08-11,banco_de_la_nacion_argentina,11.27,580,3
2026-08-11,banco_economico,11.64525,718615,68
2026-08-11,banco_fie,11.7129,909124,19
2026-08-11,banco_fortaleza,11.60054,148428,8
2026-08-11,banco_ganadero,11.69299,11845322,178
2026-08-11,banco_mercantil_santa_cruz,11.54434,1133686,220
2026-08-11,banco_nacional_de_bolivia,11.41211,910171,291
2026-08-11,banco_prodem,11.57,409921,98
2026-08-11,banco_pyme_de_la_comunidad,11.77,8301,8
2026-08-11,banco_pyme_ecofuturo,11.37,200,1
2026-08-11,banco_solidario,11.75643,5907069,44
2026-08-11,banco_union,10.73273,665315,62
2026-08-12,banco_bisa,11.69383,12318126,126
2026-08-12,banco_de_credito,11.69021,5910414,369
2026-08-12,banco_de_la_nacion_argentina,11.21,1350,2
2026-08-12,banco_economico,11.496,531240,73
2026-08-12,banco_fie,11.66894,187612,14
2026-08-12,banco_fortaleza,11.60753,2471870,18
2026-08-12,banco_ganadero,11.63413,8382354,276
2026-08-12,banco_mercantil_santa_cruz,11.70739,5048104,153
2026-08-12,banco_nacional_de_bolivia,11.56179,3082805,273
2026-08-12,banco_prodem,11.41,271193,69
2026-08-12,banco_pyme_de_la_comunidad,11.47365,8462,8
2026-08-12,banco_solidario,11.61492,647140,32
2026-08-12,banco_union,10.66932,51181,30
2026-08-13,banco_bisa,11.64477,12770296,128
2026-08-13,banco_de_credito,11.63372,4781021,265
2026-08-13,banco_de_la_nacion_argentina,11.54789,145788,5
2026-08-13,banco_economico,11.42004,1144155,87
2026-08-13,banco_fie,11.60729,77182,16
2026-08-13,banco_fortaleza,11.53725,212247,15
2026-08-13,banco_ganadero,11.58607,5781734,184
2026-08-13,banco_mercantil_santa_cruz,11.65531,10821109,184
2026-08-13,banco_nacional_de_bolivia,11.56916,2871761,226
2026-08-13,banco_prodem,11.36,177954,43
2026-08-13,banco_pyme_de_la_comunidad,11.50815,13401,6
2026-08-13,banco_pyme_ecofuturo,11.26,1500,2
2026-08-13,banco_solidario,11.5965,3281690,36
2026-08-13,banco_union,10.16,18225,28
2026-08-14,banco_bisa,11.56451,12800668,123
2026-08-14,banco_de_credito,11.61608,3040587,317
2026-08-14,banco_de_la_nacion_argentina,11.46025,32075,11
2026-08-14,banco_economico,11.52198,782249,54
2026-08-14,banco_fie,11.63308,1086452,28
2026-08-14,banco_fortaleza,11.54298,241180,16
2026-08-14,banco_ganadero,11.58583,11167634,170
2026-08-14,banco_mercantil_santa_cruz,11.59201,5524585,171
2026-08-14,banco_nacional_de_bolivia,11.46744,1159766,251
2026-08-14,banco_prodem,11.32,50458,24
2026-08-14,banco_pyme_ecofuturo,11.22,1,1
2026-08-14,banco_solidario,11.51117,370467,32
2026-08-14,banco_union,11.51612,59954,25
2026-08-17,banco_bisa,11.55805,6497350,64
2026-08-17,banco_de_credito,11.59187,2323702,371
2026-08-17,banco_de_la_nacion_argentina,11.08,2332,29
2026-08-17,banco_economico,11.47518,333053,52
2026-08-17,banco_fie,11.49421,240087,31
2026-08-17,banco_fortaleza,11.58444,335474,7
2026-08-17,banco_ganadero,11.55395,12645125,167
2026-08-17,banco_mercantil_santa_cruz,11.58023,3791902,162
2026-08-17,banco_nacional_de_bolivia,11.47986,2431330,259
2026-08-17,banco_prodem,11.28,6305,24
2026-08-17,banco_pyme_de_la_comunidad,11.49903,247,2
2026-08-17,banco_pyme_ecofuturo,11.18,251,3
2026-08-17,banco_solidario,11.59663,613137,43
2026-08-17,banco_union,10.49991,58751,28
2026-08-18,banco_bisa,11.51444,51436771,93
2026-08-18,banco_de_credito,11.51565,1522230,314
2026-08-18,banco_de_la_nacion_argentina,11.05,2763,9
2026-08-18,banco_economico,11.44116,403708,41
2026-08-18,banco_fie,11.38042,48587,17
2026-08-18,banco_fortaleza,11.54636,124681,8
2026-08-18,banco_ganadero,11.53755,6293206,168
2026-08-18,banco_mercantil_santa_cruz,11.52026,4160935,167
2026-08-18,banco_nacional_de_bolivia,11.5049,2002198,198
2026-08-18,banco_prodem,11.25,12065,12
2026-08-18,banco_pyme_de_la_comunidad,11.15,1940,2
2026-08-18,banco_pyme_ecofuturo,11.15,2551,3
2026-08-18,banco_solidario,11.51701,3386445,34
2026-08-18,banco_union,10.5,61103,37
2026-08-19,banco_bisa,11.50937,12808357,124
2026-08-19,banco_de_credito,11.51873,2130881,332
2026-08-19,banco_de_la_nacion_argentina,11.36206,17136,12
2026-08-19,banco_economico,11.52775,990300,30
2026-08-19,banco_fie,11.51331,217172,28
2026-08-19,banco_fortaleza,11.54247,738265,8
2026-08-19,banco_ganadero,11.5289,4172244,139
2026-08-19,banco_mercantil_santa_cruz,11.52732,11919869,172
2026-08-19,banco_nacional_de_bolivia,11.35827,309847,235
2026-08-19,banco_prodem,11.22,4698,15
2026-08-19,banco_pyme_de_la_comunidad,11.12,10000,3
2026-08-19,banco_pyme_ecofuturo,11.12,180,2
2026-08-19,banco_solidario,11.51083,898170,42
2026-08-19,banco_union,11.46462,80369,19
2026-08-20,banco_bisa,11.51881,7939411,93
2026-08-20,banco_de_credito,11.52606,3532605,345
2026-08-20,banco_de_la_nacion_argentina,11.48459,120321,16
2026-08-20,banco_economico,11.55621,1492326,46
2026-08-20,banco_fie,11.32,14575,20
2026-08-20,banco_fortaleza,11.46699,98086,9
2026-08-20,banco_ganadero,11.51633,7434730,142
2026-08-20,banco_mercantil_santa_cruz,11.4503,3748640,177
2026-08-20,banco_nacional_de_bolivia,11.50555,5039003,250
2026-08-20,banco_prodem,11.22,13867,18
2026-08-20,banco_pyme_de_la_comunidad,11.12,1104,5
2026-08-20,banco_solidario,11.57427,3189296,27
2026-08-20,banco_union,11.44889,87131,27
2026-08-21,banco_bisa,11.51239,5066456,139
2026-08-21,banco_de_credito,11.50313,1863696,334
2026-08-21,banco_de_la_nacion_argentina,11.38022,31836,15
2026-08-21,banco_economico,11.52691,557386,43
2026-08-21,banco_fie,11.32,149951,27
2026-08-21,banco_fortaleza,11.47882,63889,5
2026-08-21,banco_ganadero,11.50041,5501678,170
2026-08-21,banco_mercantil_santa_cruz,11.48656,1245375,199
2026-08-21,banco_nacional_de_bolivia,11.45569,1562295,239
2026-08-21,banco_prodem,11.22,8319,22
2026-08-21,banco_pyme_de_la_comunidad,11.12,1029,2
2026-08-21,banco_solidario,11.54693,1622605,36
2026-08-21,banco_union,10.5,3765,18
2026-08-24,banco_bisa,11.55064,3577350,81
2026-08-24,banco_de_credito,11.53777,914474,347
2026-08-24,banco_de_la_nacion_argentina,11.0,4717,26
2026-08-24,banco_economico,11.58624,2477890,47
2026-08-24,banco_fie,11.53116,93440,19
2026-08-24,banco_fortaleza,11.59309,510136,11
2026-08-24,banco_ganadero,11.53205,8269535,164
2026-08-24,banco_mercantil_santa_cruz,11.27956,1135863,232
2026-08-24,banco_nacional_de_bolivia,11.56694,1768376,264
2026-08-24,banco_prodem,11.2,1339,10
2026-08-24,banco_pyme_de_la_comunidad,11.1,700,1
2026-08-24,banco_solidario,11.57667,1736939,36
2026-08-24,banco_union,10.5,6970,33
2026-08-25,banco_bisa,11.52872,25462104,95
2026-08-25,banco_de_credito,11.62171,2315219,383
2026-08-25,banco_de_la_nacion_argentina,11.05016,9844,18
2026-08-25,banco_economico,11.60928,1193528,55
2026-08-25,banco_fie,11.66127,1034956,26
2026-08-25,banco_fortaleza,11.50313,82828,9
2026-08-25,banco_ganadero,11.57447,5262517,214
2026-08-25,banco_mercantil_santa_cruz,11.71251,6991371,245
2026-08-25,banco_nacional_de_bolivia,11.54504,1600491,278
2026-08-25,banco_prodem,11.24,8352,11
2026-08-25,banco_pyme_de_la_comunidad,11.14,4,2
2026-08-25,banco_pyme_ecofuturo,11.14,1,1
2026-08-25,banco_solidario,11.59063,1405829,49
2026-08-25,banco_union,10.5,3722,36
2026-08-26,banco_bisa,11.71563,12735608,132
2026-08-26,banco_de_credito,11.70565,4226139,377
2026-08-26,banco_de_la_nacion_argentina,11.485,8372,25
2026-08-26,banco_economico,11.64426,367349,32
2026-08-26,banco_fie,11.78102,1306468,22
2026-08-26,banco_fortaleza,11.59593,98333,5
2026-08-26,banco_ganadero,11.67678,16277225,191
2026-08-26,banco_mercantil_santa_cruz,11.7392,8613419,194
2026-08-26,banco_nacional_de_bolivia,11.72895,4938442,292
2026-08-26,banco_prodem,11.27,6230,13
2026-08-26,banco_pyme_de_la_comunidad,11.17,600,2
2026-08-26,banco_pyme_ecofuturo,11.17,3,1
2026-08-26,banco_solidario,11.68242,927612,43
2026-08-26,banco_union,10.5,5826,31
2026-08-27,banco_bisa,11.87315,7015088,124
2026-08-27,banco_de_credito,11.85274,2145905,353
2026-08-27,banco_de_la_nacion_argentina,11.81781,627547,32
2026-08-27,banco_economico,11.78612,1267529,39
2026-08-27,banco_fie,11.814,240795,27
2026-08-27,banco_fortaleza,11.65662,406059,9
2026-08-27,banco_ganadero,11.80855,10431910,328
2026-08-27,banco_mercantil_santa_cruz,11.75415,2399226,170
2026-08-27,banco_nacional_de_bolivia,11.71026,1221841,258
2026-08-27,banco_prodem,11.41,6719,19
2026-08-27,banco_pyme_de_la_comunidad,11.31,292,3
2026-08-27,banco_pyme_ecofuturo,11.31,1000,1
2026-08-27,banco_solidario,11.94438,2581517,73
2026-08-27,banco_union,10.5,17444,16
2026-08-28,banco_bisa,11.94555,3334635,117
2026-08-28,banco_de_credito,12.08343,2490180,383
2026-08-28,banco_de_la_nacion_argentina,11.76819,49372,40
2026-08-28,banco_economico,11.97514,2091028,50
2026-08-28,banco_fie,11.63,2877,20
2026-08-28,banco_fortaleza,11.89454,18594,4
2026-08-28,banco_ganadero,12.00866,5889785,150
2026-08-28,banco_mercantil_santa_cruz,11.77422,3226673,270
2026-08-28,banco_nacional_de_bolivia,11.85261,1595783,269
2026-08-28,banco_prodem,11.53,633,9
2026-08-28,banco_pyme_de_la_comunidad,11.43,13836,7
2026-08-28,banco_pyme_ecofuturo,11.43,9,1
2026-08-28,banco_solidario,12.05332,2620782,47
2026-08-28,banco_union,10.5,569358,22
2026-08-31,banco_bisa,12.13743,3997904,100
2026-08-31,banco_de_credito,12.06803,1519773,463
2026-08-31,banco_de_la_nacion_argentina,11.72803,28880,64
2026-08-31,banco_economico,12.11284,657031,47
2026-08-31,banco_fie,11.95992,54532,22
2026-08-31,banco_fortaleza,11.89792,340464,12
2026-08-31,banco_ganadero,12.1477,10084013,177
2026-08-31,banco_mercantil_santa_cruz,11.96212,1014400,220
2026-08-31,banco_nacional_de_bolivia,12.03539,1109240,403
2026-08-31,banco_prodem,11.62,4844,14
2026-08-31,banco_pyme_de_la_comunidad,11.52,108,3
2026-08-31,banco_pyme_ecofuturo,11.52,7,1
2026-08-31,banco_solidario,12.12939,754923,45
2026-08-31,banco_union,10.5,3903,22
2026-09-01,banco_bisa,12.28575,6857678,106
2026-09-01,banco_de_credito,12.3545,7864821,348
2026-09-01,banco_de_la_nacion_argentina,11.9335,25920,29
2026-09-01,banco_economico,12.24106,1536005,51
2026-09-01,banco_fie,12.39143,1524293,17
2026-09-01,banco_fortaleza,12.08964,309732,9
2026-09-01,banco_ganadero,12.17346,9634151,252
2026-09-01,banco_mercantil_santa_cruz,12.24878,1287492,61
2026-09-01,banco_nacional_de_bolivia,12.20813,4313357,407
2026-09-01,banco_prodem,11.82,20429,21
2026-09-01,banco_pyme_de_la_comunidad,11.72,1853,5
2026-09-01,banco_pyme_ecofuturo,11.72,10,2
2026-09-01,banco_solidario,12.35443,2035587,55
2026-09-01,banco_union,10.5,4663,13
2026-09-02,banco_bisa,12.26137,26918666,75
2026-09-02,banco_de_credito,12.32054,1249480,426
2026-09-02,banco_de_la_nacion_argentina,11.96,5170,22
2026-09-02,banco_economico,12.41252,4314646,68
2026-09-02,banco_fie,12.44525,3466510,20
2026-09-02,banco_fortaleza,12.54497,748364,8
2026-09-02,banco_ganadero,12.29281,4363174,154
2026-09-02,banco_mercantil_santa_cruz,12.37052,3414527,213
2026-09-02,banco_nacional_de_bolivia,12.24572,1856765,406
2026-09-02,banco_prodem,11.96,2080,13
2026-09-02,banco_pyme_de_la_comunidad,11.86,1329,3
2026-09-02,banco_pyme_ecofuturo,12.5499,500075,2
2026-09-02,banco_solidario,12.42322,5552007,39
2026-09-02,banco_union,12.26185,243776,40
2026-09-03,banco_bisa,12.43498,9492931,105
2026-09-03,banco_de_credito,12.39792,4020744,542
2026-09-03,banco_de_la_nacion_argentina,12.17829,46435,34
2026-09-03,banco_economico,12.50494,254412,45
2026-09-03,banco_fie,12.56136,1322930,23
2026-09-03,banco_fortaleza,12.19131,153114,7
2026-09-03,banco_ganadero,12.46691,8799522,149
2026-09-03,banco_mercantil_santa_cruz,12.50232,1912850,223
2026-09-03,banco_nacional_de_bolivia,12.37226,3232721,322
2026-09-03,banco_prodem,12.02,11869,22
2026-09-03,banco_pyme_de_la_comunidad,11.92,1553,6
2026-09-03,banco_pyme_ecofuturo,11.92,2,3
2026-09-03,banco_solidario,12.57162,3003232,53
2026-09-03,banco_union,10.5,2014,22
2026-09-04,banco_bisa,12.52629,9516224,114
2026-09-04,banco_de_credito,12.564,4459708,522
2026-09-04,banco_de_la_nacion_argentina,12.38294,61090,19
2026-09-04,banco_economico,12.5899,4056039,58
2026-09-04,banco_fie,12.6177,1553359,30
2026-09-04,banco_fortaleza,12.65234,700072,11
2026-09-04,banco_ganadero,12.61734,20567035,281
2026-09-04,banco_mercantil_santa_cruz,12.59085,10460837,359
2026-09-04,banco_nacional_de_bolivia,12.44607,4520051,467
2026-09-04,banco_prodem,12.15,19061,15
2026-09-04,banco_pyme_de_la_comunidad,12.05,5030,2
2026-09-04,banco_solidario,12.60248,818573,49
2026-09-04,banco_union,11.55924,33370,42
2026-09-07,banco_bisa,12.58775,1978150,56
2026-09-07,banco_de_credito,12.67496,2440268,561
2026-09-07,banco_de_la_nacion_argentina,12.28,2432,20
2026-09-07,banco_economico,12.56119,387607,48
2026-09-07,banco_fie,12.58486,864446,38
2026-09-07,banco_fortaleza,12.61361,76006,10
2026-09-07,banco_ganadero,12.51821,4016081,153
2026-09-07,banco_mercantil_santa_cruz,12.68177,4303984,215
2026-09-07,banco_nacional_de_bolivia,12.5507,3647090,468
2026-09-07,banco_prodem,12.28,15894,23
2026-09-07,banco_pyme_de_la_comunidad,12.18,3382,7
2026-09-07,banco_pyme_ecofuturo,12.18,1,1
2026-09-07,banco_solidario,12.51301,400265,49
2026-09-07,banco_union,11.3,2530,34
2026-09-08,banco_bisa,12.62584,10870420,91
2026-09-08,banco_de_credito,12.63461,2680729,614
2026-09-08,banco_de_la_nacion_argentina,12.44499,56901,13
2026-09-08,banco_economico,12.546,672709,52
2026-09-08,banco_fie,12.60797,589463,27
2026-09-08,banco_fortaleza,12.50225,563075,17
2026-09-08,banco_ganadero,12.69838,11698734,225
2026-09-08,banco_mercantil_santa_cruz,12.44172,3466680,212
2026-09-08,banco_nacional_de_bolivia,12.49744,1749489,395
2026-09-08,banco_prodem,12.3,20980,29
2026-09-08,banco_pyme_de_la_comunidad,12.2,3482,5
2026-09-08,banco_solidario,12.69079,3293376,45
2026-09-08,banco_union,12.74238,4622055,40
2026-09-09,banco_bisa,12.39028,27809977,128
2026-09-09,banco_de_credito,12.28009,6620626,568
2026-09-09,banco_de_la_nacion_argentina,12.12432,556370,12
2026-09-09,banco_economico,12.21818,3245050,43
2026-09-09,banco_fie,12.48393,3698661,27
2026-09-09,banco_fortaleza,12.56944,2347031,15
2026-09-09,banco_ganadero,12.43698,18927582,178
2026-09-09,banco_mercantil_santa_cruz,12.31931,10415192,228
2026-09-09,banco_nacional_de_bolivia,12.46525,5604780,362
2026-09-09,banco_prodem,12.34,88040,31
2026-09-09,banco_pyme_de_la_comunidad,12.24,3001,4
2026-09-09,banco_pyme_ecofuturo,12.60998,282012,2
2026-09-09,banco_solidario,12.24093,3889444,59
2026-09-09,banco_union,12.73614,10260720,47
2026-09-10,banco_bisa,11.88409,6567167,308
2026-09-10,banco_de_credito,12.02178,782229,547
2026-09-10,banco_de_la_nacion_argentina,12.12054,55259,14
2026-09-10,banco_economico,11.7832,896310,95
2026-09-10,banco_fie,11.99435,5068782,26
2026-09-10,banco_fortaleza,12.19984,311118,13
2026-09-10,banco_ganadero,12.27632,4732232,256
2026-09-10,banco_mercantil_santa_cruz,12.15849,9540753,367
2026-09-10,banco_nacional_de_bolivia,11.38228,805408,298
2026-09-10,banco_prodem,12.12,93599,56
2026-09-10,banco_pyme_de_la_comunidad,12.02,2728,13
2026-09-10,banco_pyme_ecofuturo,12.02,7,2
2026-09-10,banco_solidario,11.93158,1792656,53
2026-09-10,banco_union,11.48727,82202,37
2026-09-11,banco_bisa,11.56624,11631387,269
2026-09-11,banco_de_credito,11.57987,418756,549
2026-09-11,banco_de_la_nacion_argentina,11.6659,21248,14
2026-09-11,banco_economico,11.13582,2208887,39
2026-09-11,banco_fie,11.54,42016,17
2026-09-11,banco_fortaleza,11.94252,8048,7
2026-09-11,banco_ganadero,11.70739,2570477,241
2026-09-11,banco_mercantil_santa_cruz,11.68386,602730,3945
2026-09-11,banco_nacional_de_bolivia,11.40303,1722793,272
2026-09-11,banco_prodem,11.74,221423,58
2026-09-11,banco_pyme_de_la_comunidad,11.64,2425,4
2026-09-11,banco_solidario,11.64375,1269644,43
2026-09-11,banco_union,11.3,3636,30
2026-09-14,banco_bisa,10.91144,7035445,138
2026-09-14,banco_de_credito,10.99736,4112381,89
2026-09-14,banco_de_la_nacion_argentina,10.93,4407,8
2026-09-14,banco_economico,10.8,4903,25
2026-09-14,banco_fie,11.03,13888,11
2026-09-14,banco_fortaleza,11.42936,13365,4
2026-09-14,banco_ganadero,11.42119,1388559,131
2026-09-14,banco_mercantil_santa_cruz,10.85765,269947,141
2026-09-14,banco_nacional_de_bolivia,11.10447,522813,182
2026-09-14,banco_prodem,11.23,2114,18
2026-09-14,banco_solidario,10.83667,954937,44
2026-09-14,banco_union,11.3,22220,44
2026-09-15,banco_bisa,9.84449,17551371,240
2026-09-15,banco_de_credito,10.47287,3192412,526
2026-09-15,banco_de_la_nacion_argentina,10.40106,10847,10
2026-09-15,banco_economico,10.61663,1151359,30
2026-09-15,banco_fie,10.39121,3401136,20
2026-09-15,banco_fortaleza,10.53306,219597,13
2026-09-15,banco_ganadero,10.46567,2014352,237
2026-09-15,banco_mercantil_santa_cruz,9.86033,2034361,153
2026-09-15,banco_nacional_de_bolivia,9.71737,502488,240
2026-09-15,banco_prodem,10.69,1397,9
2026-09-15,banco_pyme_de_la_comunidad,10.59,392,3
2026-09-15,banco_pyme_ecofuturo,10.59,4010,2
2026-09-15,banco_solidario,10.59337,6124219,41
2026-09-15,banco_union,10.63866,529104,51
2026-09-16,banco_bisa,9.76279,18560041,259
2026-09-16,banco_de_credito,9.95641,2315569,441
2026-09-16,banco_de_la_nacion_argentina,9.94882,170686,8
2026-09-16,banco_economico,9.98251,2249259,27
2026-09-16,banco_fie,9.35042,775544,19
2026-09-16,banco_fortaleza,10.00892,66615,8
2026-09-16,banco_ganadero,10.13109,1097346,420
2026-09-16,banco_mercantil_santa_cruz,9.90825,1424079,146
2026-09-16,banco_nacional_de_bolivia,9.95726,1826300,171
2026-09-16,banco_prodem,9.85,889,9
2026-09-16,banco_pyme_de_la_comunidad,9.96372,379,8
2026-09-16,banco_pyme_ecofuturo,9.75,1368,2
2026-09-16,banco_solidario,10.00122,1597593,36
2026-09-16,banco_union,9.15441,128761,49
2026-09-17,banco_bisa,9.94207,8194627,200
2026-09-17,banco_de_credito,10.41409,2457653,487
2026-09-17,banco_de_la_nacion_argentina,9.7896,17180,21
2026-09-17,banco_economico,10.26912,628730,30
2026-09-17,banco_fie,9.72487,200101,9
2026-09-17,banco_fortaleza,9.82784,25341,6
2026-09-17,banco_ganadero,9.95843,1373313,299
2026-09-17,banco_mercantil_santa_cruz,9.89825,2043206,123
2026-09-17,banco_nacional_de_bolivia,9.99965,3695924,165
2026-09-17,banco_prodem,9.53,4648,11
2026-09-17,banco_pyme_de_la_comunidad,9.43,266,6
2026-09-17,banco_pyme_ecofuturo,9.43,18,1
2026-09-17,banco_solidario,9.91708,2375368,46
2026-09-17,banco_union,9.00293,12935,31
2026-09-18,banco_bisa,10.41311,7842369,343
2026-09-18,banco_de_credito,11.06997,3140033,558
2026-09-18,banco_de_la_nacion_argentina,9.4846,5335,7
2026-09-18,banco_economico,11.631,3032602,21
2026-09-18,banco_fie,10.03506,873981,13
2026-09-18,banco_fortaleza,9.91002,36755,6
2026-09-18,banco_ganadero,10.69816,4174599,256
2026-09-18,banco_mercantil_santa_cruz,11.83839,6718542,4893
2026-09-18,banco_nacional_de_bolivia,11.11737,2563437,207
2026-09-18,banco_prodem,9.71,617,4
2026-09-18,banco_pyme_de_la_comunidad,9.61,10400,2
2026-09-18,banco_pyme_ecofuturo,9.61,1,2
2026-09-18,banco_solidario,10.07118,1322657,32
2026-09-18,banco_union,9.01,86099,35
2026-09-21,banco_bisa,11.77544,1769222,103
2026-09-21,banco_de_credito,12.09456,3331231,791
2026-09-21,banco_de_la_nacion_argentina,11.41806,64745,36
2026-09-21,banco_economico,12.31223,4053001,35
2026-09-21,banco_fie,10.5,651,11
2026-09-21,banco_fortaleza,11.79797,97756,4
2026-09-21,banco_ganadero,11.95568,6901898,177
2026-09-21,banco_mercantil_santa_cruz,11.57147,4564317,149
2026-09-21,banco_nacional_de_bolivia,11.61233,2656357,222
2026-09-21,banco_prodem,10.7,5942,12
2026-09-21,banco_pyme_de_la_comunidad,10.6,111,3
2026-09-21,banco_solidario,9.91303,9160,47
2026-09-21,banco_union,10.0,20478,45
2026-09-22,banco_bisa,11.95025,38345021,231
2026-09-22,banco_de_credito,12.34129,9528116,627
2026-09-22,banco_de_la_nacion_argentina,12.07566,39524,13
2026-09-22,banco_economico,12.35156,4095228,55
2026-09-22,banco_fie,11.00127,501501,17
2026-09-22,banco_fortaleza,12.38999,505964,4
2026-09-22,banco_ganadero,12.08305,11069292,192
2026-09-22,banco_mercantil_santa_cruz,12.0942,7680315,302
2026-09-22,banco_nacional_de_bolivia,12.12026,4860835,318
2026-09-22,banco_prodem,11.6,12259,13
2026-09-22,banco_pyme_de_la_comunidad,11.5,225,3
2026-09-22,banco_pyme_ecofuturo,11.99998,1000049,2
2026-09-22,banco_solidario,11.98431,2667444,34
2026-09-22,banco_union,10.89979,54538,53
2026-09-23,banco_bisa,12.17885,5964528,161
2026-09-23,banco_de_credito,12.06257,881068,537
2026-09-23,banco_de_la_nacion_argentina,12.0349,29247,24
2026-09-23,banco_economico,12.32397,2685578,48
2026-09-23,banco_fie,12.28034,872064,19
2026-09-23,banco_fortaleza,12.40273,405543,11
2026-09-23,banco_ganadero,12.31563,15656473,202
2026-09-23,banco_mercantil_santa_cruz,12.14082,1255334,161
2026-09-23,banco_nacional_de_bolivia,12.03288,2215692,280
2026-09-23,banco_prodem,11.76,15443,17
2026-09-23,banco_pyme_de_la_comunidad,11.66,1290,4
2026-09-23,banco_pyme_ecofuturo,12.55999,500003,2
2026-09-23,banco_solidario,12.28933,2532105,44
2026-09-23,banco_union,11.05914,24639,59
2026-09-24,banco_bisa,12.21016,25323995,203
2026-09-24,banco_de_credito,12.17029,485161,338
2026-09-24,banco_economico,11.6,50,1
2026-09-24,banco_fie,12.19707,2426171,18
2026-09-24,banco_fortaleza,12.39625,1001988,9
2026-09-24,banco_ganadero,12.12658,1064471,150
2026-09-24,banco_mercantil_santa_cruz,12.29915,8235396,155
2026-09-24,banco_nacional_de_bolivia,12.10645,2799124,223
2026-09-24,banco_prodem,11.96,18000,9
2026-09-24,banco_pyme_de_la_comunidad,11.8801,15923,5
2026-09-24,banco_solidario,12.08716,9518,16
2026-09-24,banco_union,12.32864,409389,45
2026-09-25,banco_bisa,11.98082,2744720,204
2026-09-25,banco_de_credito,12.05221,2592056,911
2026-09-25,banco_economico,11.6,3006,10
2026-09-25,banco_fie,11.75677,14198,14
2026-09-25,banco_fortaleza,12.36586,931725,10
2026-09-25,banco_ganadero,12.19689,7234869,188
2026-09-25,banco_mercantil_santa_cruz,12.0102,5178501,239
2026-09-25,banco_nacional_de_bolivia,11.99334,3043387,343
2026-09-25,banco_prodem,11.92,20675,27
2026-09-25,banco_pyme_de_la_comunidad,11.82,51653,5
2026-09-25,banco_pyme_ecofuturo,12.27984,100035,2
2026-09-25,banco_solidario,11.8919,43856,40
2026-09-25,banco_union,11.22,176979,57
2026-09-28,banco_bisa,11.96277,9807369,163
2026-09-28,banco_de_credito,11.93383,2091241,788
2026-09-28,banco_de_la_nacion_argentina,11.98667,73944,35
2026-09-28,banco_economico,11.99579,2615458,58
2026-09-28,banco_fie,11.4879,29018,18
2026-09-28,banco_fortaleza,12.13737,288146,10
2026-09-28,banco_ganadero,11.96771,7202634,278
2026-09-28,banco_mercantil_santa_cruz,11.78108,3064740,294
2026-09-28,banco_nacional_de_bolivia,11.91207,2426766,386
2026-09-28,banco_prodem,11.75,11293,12
2026-09-28,banco_pyme_de_la_comunidad,12.0066,22434,6
2026-09-28,banco_pyme_ecofuturo,11.65,405,1
2026-09-28,banco_solidario,12.26287,2781371,107
2026-09-28,banco_union,11.05,24249,25
